condition_id,pct_predictive,round,prop_zone_a,prop_zone_b,prop_stay_out,mean_reward,majority_action_proportion
1,0.0,0,0.31333333333333335,0.39,0.2966666666666667,0.5503072113705573,0.39
1,0.0,1,0.3,0.35,0.35,0.5183247186080098,0.35
1,0.0,2,0.33666666666666667,0.36,0.30333333333333334,0.5250929029161169,0.36
1,0.0,3,0.8766666666666667,0.08,0.043333333333333335,0.5111662827196896,0.8766666666666667
1,0.0,4,0.07333333333333333,0.9,0.02666666666666667,0.5586777074644874,0.9
1,0.0,5,0.93,0.016666666666666666,0.05333333333333334,0.5426459907631167,0.93
1,0.0,6,0.04,0.9266666666666666,0.03333333333333333,0.5705245169773495,0.9266666666666666
1,0.0,7,0.03333333333333333,0.9266666666666666,0.04,0.5774856837358382,0.9266666666666666
1,0.0,8,0.9366666666666666,0.043333333333333335,0.02,0.5486734712301226,0.9366666666666666
1,0.0,9,0.93,0.03333333333333333,0.03666666666666667,0.5593520802783242,0.93
1,0.0,10,0.05333333333333334,0.92,0.02666666666666667,0.5662843252821799,0.92
1,0.0,11,0.043333333333333335,0.92,0.03666666666666667,0.5102525577547498,0.92
1,0.0,12,0.9333333333333333,0.043333333333333335,0.023333333333333334,0.5206256362174774,0.9333333333333333
1,0.0,13,0.9333333333333333,0.016666666666666666,0.05,0.5440792420317625,0.9333333333333333
1,0.0,14,0.02,0.9533333333333334,0.02666666666666667,0.5520945721120718,0.9533333333333334
1,0.0,15,0.04,0.93,0.03,0.564891166338318,0.93
1,0.0,16,0.9366666666666666,0.03333333333333333,0.03,0.5755996781508705,0.9366666666666666
1,0.0,17,0.9233333333333333,0.03666666666666667,0.04,0.5713332001436584,0.9233333333333333
1,0.0,18,0.03666666666666667,0.93,0.03333333333333333,0.5523619630385455,0.93
1,0.0,19,0.04,0.9233333333333333,0.03666666666666667,0.5683746816930543,0.9233333333333333
1,0.0,20,0.9233333333333333,0.04666666666666667,0.03,0.5844183132373595,0.9233333333333333
1,0.0,21,0.96,0.016666666666666666,0.023333333333333334,0.5495801651832226,0.96
1,0.0,22,0.016666666666666666,0.9466666666666667,0.03666666666666667,0.5230287485429816,0.9466666666666667
1,0.0,23,0.09333333333333334,0.87,0.03666666666666667,0.5707266365094174,0.87
1,0.0,24,0.9333333333333333,0.02666666666666667,0.04,0.5303337107088446,0.9333333333333333
1,0.0,25,0.9266666666666666,0.03333333333333333,0.04,0.5275178924677825,0.9266666666666666
1,0.0,26,0.03666666666666667,0.9266666666666666,0.03666666666666667,0.5307445526991663,0.9266666666666666
1,0.0,27,0.03,0.95,0.02,0.5809427640970146,0.95
1,0.0,28,0.9366666666666666,0.02666666666666667,0.03666666666666667,0.5367065415555728,0.9366666666666666
1,0.0,29,0.92,0.04,0.04,0.5660321717092759,0.92
1,0.0,30,0.04666666666666667,0.9433333333333334,0.01,0.5846914663277973,0.9433333333333334
1,0.0,31,0.03,0.93,0.04,0.5670071251805135,0.93
1,0.0,32,0.9266666666666666,0.043333333333333335,0.03,0.515861655935922,0.9266666666666666
1,0.0,33,0.9333333333333333,0.04666666666666667,0.02,0.5897321850119044,0.9333333333333333
1,0.0,34,0.8033333333333333,0.16333333333333333,0.03333333333333333,0.5268961641748197,0.8033333333333333
1,0.0,35,0.02,0.92,0.06,0.5404949430351859,0.92
1,0.0,36,0.9333333333333333,0.03333333333333333,0.03333333333333333,0.5483650674181805,0.9333333333333333
1,0.0,37,0.93,0.05,0.02,0.5771285715044342,0.93
1,0.0,38,0.9333333333333333,0.03,0.03666666666666667,0.5945247017394348,0.9333333333333333
1,0.0,39,0.03666666666666667,0.9333333333333333,0.03,0.5889424094622281,0.9333333333333333
1,0.0,40,0.043333333333333335,0.9266666666666666,0.03,0.5354098665520234,0.9266666666666666
1,0.0,41,0.9233333333333333,0.03333333333333333,0.043333333333333335,0.5534349051629056,0.9233333333333333
1,0.0,42,0.9266666666666666,0.04666666666666667,0.02666666666666667,0.5337299746945803,0.9266666666666666
1,0.0,43,0.023333333333333334,0.9366666666666666,0.04,0.5820894825529705,0.9366666666666666
1,0.0,44,0.9466666666666667,0.03,0.023333333333333334,0.5826874214389866,0.9466666666666667
1,0.0,45,0.8066666666666666,0.16666666666666666,0.02666666666666667,0.5285220372377877,0.8066666666666666
1,0.0,46,0.9333333333333333,0.023333333333333334,0.043333333333333335,0.5281425128564023,0.9333333333333333
1,0.0,47,0.043333333333333335,0.9266666666666666,0.03,0.556918024190126,0.9266666666666666
1,0.0,48,0.03666666666666667,0.9266666666666666,0.03666666666666667,0.5106400356643267,0.9266666666666666
1,0.0,49,0.9233333333333333,0.04,0.03666666666666667,0.5576491290739347,0.9233333333333333
1,0.0,50,0.9433333333333334,0.023333333333333334,0.03333333333333333,0.5337640813076293,0.9433333333333334
1,0.0,51,0.03,0.9366666666666666,0.03333333333333333,0.5352018862768324,0.9366666666666666
1,0.0,52,0.02666666666666667,0.9433333333333334,0.03,0.5590063222517847,0.9433333333333334
1,0.0,53,0.9333333333333333,0.03333333333333333,0.03333333333333333,0.553193560105461,0.9333333333333333
1,0.0,54,0.95,0.02,0.03,0.5302716582795679,0.95
1,0.0,55,0.043333333333333335,0.93,0.02666666666666667,0.5799351125854452,0.93
1,0.0,56,0.03666666666666667,0.9233333333333333,0.04,0.5474999547118127,0.9233333333333333
1,0.0,57,0.9466666666666667,0.02,0.03333333333333333,0.5408497374156732,0.9466666666666667
1,0.0,58,0.9333333333333333,0.03666666666666667,0.03,0.5632621812367402,0.9333333333333333
1,0.0,59,0.03666666666666667,0.93,0.03333333333333333,0.5466580165640558,0.93
1,0.0,60,0.03333333333333333,0.9433333333333334,0.023333333333333334,0.5386934282282803,0.9433333333333334
1,0.0,61,0.9366666666666666,0.03,0.03333333333333333,0.543047338137973,0.9366666666666666
1,0.0,62,0.9533333333333334,0.03,0.016666666666666666,0.5179834155927576,0.9533333333333334
1,0.0,63,0.043333333333333335,0.9166666666666666,0.04,0.5506853929663084,0.9166666666666666
1,0.0,64,0.03666666666666667,0.9266666666666666,0.03666666666666667,0.5584576864973402,0.9266666666666666
1,0.0,65,0.9333333333333333,0.043333333333333335,0.023333333333333334,0.5333893167517344,0.9333333333333333
1,0.0,66,0.9333333333333333,0.04666666666666667,0.02,0.5147407543760634,0.9333333333333333
1,0.0,67,0.12,0.8466666666666667,0.03333333333333333,0.5345274228537907,0.8466666666666667
1,0.0,68,0.023333333333333334,0.9433333333333334,0.03333333333333333,0.57366572879275,0.9433333333333334
1,0.0,69,0.9433333333333334,0.023333333333333334,0.03333333333333333,0.5670001162130478,0.9433333333333334
1,0.0,70,0.92,0.03333333333333333,0.04666666666666667,0.5432999387581542,0.92
1,0.0,71,0.03,0.9266666666666666,0.043333333333333335,0.5467193198483606,0.9266666666666666
1,0.0,72,0.04666666666666667,0.93,0.023333333333333334,0.545040674002176,0.93
1,0.0,73,0.9533333333333334,0.02666666666666667,0.02,0.5251235143849186,0.9533333333333334
1,0.0,74,0.93,0.03,0.04,0.5098059594363996,0.93
1,0.0,75,0.03,0.9433333333333334,0.02666666666666667,0.572242186359407,0.9433333333333334
1,0.0,76,0.02666666666666667,0.93,0.043333333333333335,0.5589705016996112,0.93
1,0.0,77,0.9233333333333333,0.04,0.03666666666666667,0.5455205842288523,0.9233333333333333
1,0.0,78,0.93,0.043333333333333335,0.02666666666666667,0.5656827904118772,0.93
1,0.0,79,0.4533333333333333,0.53,0.016666666666666666,0.538860132983814,0.53
1,0.0,80,0.03,0.9366666666666666,0.03333333333333333,0.5486076416637284,0.9366666666666666
1,0.0,81,0.9366666666666666,0.023333333333333334,0.04,0.5281655193167892,0.9366666666666666
1,0.0,82,0.9066666666666666,0.06,0.03333333333333333,0.5277193732186212,0.9066666666666666
1,0.0,83,0.04,0.9233333333333333,0.03666666666666667,0.5060605409522593,0.9233333333333333
1,0.0,84,0.02666666666666667,0.9233333333333333,0.05,0.5162000237807245,0.9233333333333333
1,0.0,85,0.92,0.02666666666666667,0.05333333333333334,0.5614440430706319,0.92
1,0.0,86,0.9466666666666667,0.02,0.03333333333333333,0.5742086374083177,0.9466666666666667
1,0.0,87,0.03,0.9366666666666666,0.03333333333333333,0.5325862955006322,0.9366666666666666
1,0.0,88,0.04,0.9333333333333333,0.02666666666666667,0.57019429688781,0.9333333333333333
1,0.0,89,0.9433333333333334,0.02666666666666667,0.03,0.5544431855464895,0.9433333333333334
1,0.0,90,0.93,0.03333333333333333,0.03666666666666667,0.538650553565869,0.93
1,0.0,91,0.03333333333333333,0.93,0.03666666666666667,0.5400465761018952,0.93
1,0.0,92,0.02666666666666667,0.9533333333333334,0.02,0.5409803350650786,0.9533333333333334
1,0.0,93,0.93,0.023333333333333334,0.04666666666666667,0.5882885349921316,0.93
1,0.0,94,0.9266666666666666,0.03666666666666667,0.03666666666666667,0.5391238655519442,0.9266666666666666
1,0.0,95,0.03666666666666667,0.9333333333333333,0.03,0.5386038584343074,0.9333333333333333
1,0.0,96,0.04,0.9266666666666666,0.03333333333333333,0.504529200816228,0.9266666666666666
1,0.0,97,0.93,0.03,0.04,0.554902910302571,0.93
1,0.0,98,0.9233333333333333,0.03666666666666667,0.04,0.5273387873570983,0.9233333333333333
1,0.0,99,0.02666666666666667,0.94,0.03333333333333333,0.537952326059072,0.94
1,0.0,100,0.06,0.8933333333333333,0.04666666666666667,0.5176004879912798,0.8933333333333333
1,0.0,101,0.93,0.03666666666666667,0.03333333333333333,0.5468813925985003,0.93
1,0.0,102,0.9266666666666666,0.03333333333333333,0.04,0.5466433107025207,0.9266666666666666
1,0.0,103,0.016666666666666666,0.9466666666666667,0.03666666666666667,0.5706811240001204,0.9466666666666667
1,0.0,104,0.9333333333333333,0.03333333333333333,0.03333333333333333,0.5675967212316928,0.9333333333333333
1,0.0,105,0.9466666666666667,0.02666666666666667,0.02666666666666667,0.5221080681394574,0.9466666666666667
1,0.0,106,0.9333333333333333,0.03666666666666667,0.03,0.5406492635705695,0.9333333333333333
1,0.0,107,0.03,0.9266666666666666,0.043333333333333335,0.5333040037925962,0.9266666666666666
1,0.0,108,0.03333333333333333,0.9366666666666666,0.03,0.5497966191000245,0.9366666666666666
1,0.0,109,0.9433333333333334,0.023333333333333334,0.03333333333333333,0.5651177565148667,0.9433333333333334
1,0.0,110,0.93,0.023333333333333334,0.04666666666666667,0.5476914794913362,0.93
1,0.0,111,0.03,0.9266666666666666,0.043333333333333335,0.5423951119257041,0.9266666666666666
1,0.0,112,0.05,0.9333333333333333,0.016666666666666666,0.5291606222340486,0.9333333333333333
1,0.0,113,0.94,0.03,0.03,0.5384203376913971,0.94
1,0.0,114,0.94,0.02666666666666667,0.03333333333333333,0.5878176819997585,0.94
1,0.0,115,0.02666666666666667,0.9333333333333333,0.04,0.5396090131018599,0.9333333333333333
1,0.0,116,0.016666666666666666,0.9366666666666666,0.04666666666666667,0.5437845811067171,0.9366666666666666
1,0.0,117,0.94,0.023333333333333334,0.03666666666666667,0.5496285312631976,0.94
1,0.0,118,0.9266666666666666,0.02666666666666667,0.04666666666666667,0.5305266315863109,0.9266666666666666
1,0.0,119,0.8366666666666667,0.12666666666666668,0.03666666666666667,0.5304526364174325,0.8366666666666667
1,0.0,120,0.03333333333333333,0.9466666666666667,0.02,0.5239032763282843,0.9466666666666667
1,0.0,121,0.26,0.72,0.02,0.5483462584651451,0.72
1,0.0,122,0.94,0.016666666666666666,0.043333333333333335,0.5790228433588682,0.94
1,0.0,123,0.043333333333333335,0.9333333333333333,0.023333333333333334,0.5209297444708483,0.9333333333333333
1,0.0,124,0.03666666666666667,0.9333333333333333,0.03,0.5269232027201762,0.9333333333333333
1,0.0,125,0.78,0.16666666666666666,0.05333333333333334,0.5233275890843013,0.78
1,0.0,126,0.9366666666666666,0.03666666666666667,0.02666666666666667,0.5492216323732041,0.9366666666666666
1,0.0,127,0.89,0.07333333333333333,0.03666666666666667,0.5256807715436012,0.89
1,0.0,128,0.023333333333333334,0.94,0.03666666666666667,0.5497919850931716,0.94
1,0.0,129,0.94,0.03,0.03,0.5170849024836396,0.94
1,0.0,130,0.93,0.03666666666666667,0.03333333333333333,0.5715629673490735,0.93
1,0.0,131,0.43666666666666665,0.5333333333333333,0.03,0.5776987999723788,0.5333333333333333
1,0.0,132,0.03333333333333333,0.9433333333333334,0.023333333333333334,0.5619576409622712,0.9433333333333334
1,0.0,133,0.9333333333333333,0.04,0.02666666666666667,0.5393894120521835,0.9333333333333333
1,0.0,134,0.94,0.02,0.04,0.5295691777747493,0.94
1,0.0,135,0.03,0.9466666666666667,0.023333333333333334,0.5565787064422225,0.9466666666666667
1,0.0,136,0.04,0.9333333333333333,0.02666666666666667,0.5639439773824989,0.9333333333333333
1,0.0,137,0.9366666666666666,0.02666666666666667,0.03666666666666667,0.5444267131856813,0.9366666666666666
1,0.0,138,0.9366666666666666,0.03,0.03333333333333333,0.5785704686216893,0.9366666666666666
1,0.0,139,0.03333333333333333,0.93,0.03666666666666667,0.561010461467075,0.93
1,0.0,140,0.023333333333333334,0.9466666666666667,0.03,0.5596607189762359,0.9466666666666667
1,0.0,141,0.94,0.03333333333333333,0.02666666666666667,0.548481786055434,0.94
1,0.0,142,0.92,0.04,0.04,0.5238476626450899,0.92
1,0.0,143,0.93,0.04666666666666667,0.023333333333333334,0.5844590243721639,0.93
1,0.0,144,0.043333333333333335,0.9433333333333334,0.013333333333333334,0.5169556128392624,0.9433333333333334
1,0.0,145,0.04,0.9266666666666666,0.03333333333333333,0.5921939350261394,0.9266666666666666
1,0.0,146,0.9633333333333334,0.02,0.016666666666666666,0.5537185230070821,0.9633333333333334
1,0.0,147,0.9233333333333333,0.02666666666666667,0.05,0.5068571482466914,0.9233333333333333
1,0.0,148,0.03666666666666667,0.9266666666666666,0.03666666666666667,0.5365686172222598,0.9266666666666666
1,0.0,149,0.05,0.9166666666666666,0.03333333333333333,0.527980342483257,0.9166666666666666
1,0.0,150,0.94,0.03,0.03,0.578391698785602,0.94
1,0.0,151,0.9366666666666666,0.04,0.023333333333333334,0.5499506743889284,0.9366666666666666
1,0.0,152,0.03333333333333333,0.9433333333333334,0.023333333333333334,0.5709167769516872,0.9433333333333334
1,0.0,153,0.03333333333333333,0.94,0.02666666666666667,0.5155539210492419,0.94
1,0.0,154,0.9433333333333334,0.02,0.03666666666666667,0.5356354757143775,0.9433333333333334
1,0.0,155,0.9266666666666666,0.03666666666666667,0.03666666666666667,0.5144875378585504,0.9266666666666666
1,0.0,156,0.016666666666666666,0.9433333333333334,0.04,0.5921686255426198,0.9433333333333334
1,0.0,157,0.9233333333333333,0.03666666666666667,0.04,0.5373206027312327,0.9233333333333333
1,0.0,158,0.9266666666666666,0.03666666666666667,0.03666666666666667,0.5702588755203997,0.9266666666666666
1,0.0,159,0.9433333333333334,0.04,0.016666666666666666,0.587349620659106,0.9433333333333334
1,0.0,160,0.03333333333333333,0.9266666666666666,0.04,0.5855824186870786,0.9266666666666666
1,0.0,161,0.03,0.9333333333333333,0.03666666666666667,0.5563685112772991,0.9333333333333333
1,0.0,162,0.93,0.03666666666666667,0.03333333333333333,0.5558998160848383,0.93
1,0.0,163,0.9266666666666666,0.04,0.03333333333333333,0.5343362596733706,0.9266666666666666
1,0.0,164,0.14,0.8333333333333334,0.02666666666666667,0.5867223571798484,0.8333333333333334
1,0.0,165,0.023333333333333334,0.9333333333333333,0.043333333333333335,0.5637360127108284,0.9333333333333333
1,0.0,166,0.9466666666666667,0.03,0.023333333333333334,0.5278597208591285,0.9466666666666667
1,0.0,167,0.94,0.02,0.04,0.554870282697726,0.94
1,0.0,168,0.03666666666666667,0.94,0.023333333333333334,0.5498280771842593,0.94
1,0.0,169,0.03666666666666667,0.95,0.013333333333333334,0.5409210620613016,0.95
1,0.0,170,0.94,0.03,0.03,0.5595812646648058,0.94
1,0.0,171,0.9266666666666666,0.04,0.03333333333333333,0.5924194292965161,0.9266666666666666
1,0.0,172,0.03666666666666667,0.9233333333333333,0.04,0.5694270594636723,0.9233333333333333
1,0.0,173,0.03,0.9333333333333333,0.03666666666666667,0.5665567401015178,0.9333333333333333
1,0.0,174,0.9366666666666666,0.02666666666666667,0.03666666666666667,0.5384425291614625,0.9366666666666666
1,0.0,175,0.93,0.04666666666666667,0.023333333333333334,0.5624539008045197,0.93
1,0.0,176,0.04,0.92,0.04,0.5649506872786955,0.92
1,0.0,177,0.03666666666666667,0.9266666666666666,0.03666666666666667,0.5181337104019432,0.9266666666666666
1,0.0,178,0.9366666666666666,0.023333333333333334,0.04,0.5876590321961322,0.9366666666666666
1,0.0,179,0.9333333333333333,0.02666666666666667,0.04,0.5653187106608448,0.9333333333333333
1,0.0,180,0.04,0.9233333333333333,0.03666666666666667,0.5267529445845129,0.9233333333333333
1,0.0,181,0.043333333333333335,0.9266666666666666,0.03,0.5695113824082184,0.9266666666666666
1,0.0,182,0.9233333333333333,0.03666666666666667,0.04,0.5224541732074798,0.9233333333333333
1,0.0,183,0.9266666666666666,0.043333333333333335,0.03,0.5637315372840718,0.9266666666666666
1,0.0,184,0.03333333333333333,0.9433333333333334,0.023333333333333334,0.5689541992991588,0.9433333333333334
1,0.0,185,0.08333333333333333,0.89,0.02666666666666667,0.5655241073570577,0.89
1,0.0,186,0.92,0.05,0.03,0.5450847965462733,0.92
1,0.0,187,0.93,0.03666666666666667,0.03333333333333333,0.5718087978529651,0.93
1,0.0,188,0.02666666666666667,0.9266666666666666,0.04666666666666667,0.5345401279942669,0.9266666666666666
1,0.0,189,0.8933333333333333,0.07,0.03666666666666667,0.5626711178838413,0.8933333333333333
1,0.0,190,0.9166666666666666,0.03,0.05333333333333334,0.5686922786405715,0.9166666666666666
1,0.0,191,0.49333333333333335,0.47333333333333333,0.03333333333333333,0.5298577771204589,0.49333333333333335
1,0.0,192,0.043333333333333335,0.94,0.016666666666666666,0.5307968591140786,0.94
1,0.0,193,0.1,0.88,0.02,0.5813359809381358,0.88
1,0.0,194,0.95,0.03333333333333333,0.016666666666666666,0.5794316386205223,0.95
1,0.0,195,0.9333333333333333,0.02666666666666667,0.04,0.5421364730888998,0.9333333333333333
1,0.0,196,0.03666666666666667,0.9366666666666666,0.02666666666666667,0.5818861195467648,0.9366666666666666
1,0.0,197,0.03,0.9366666666666666,0.03333333333333333,0.5877794093563504,0.9366666666666666
1,0.0,198,0.9466666666666667,0.03333333333333333,0.02,0.5296198417274928,0.9466666666666667
1,0.0,199,0.9466666666666667,0.016666666666666666,0.03666666666666667,0.5732079770272941,0.9466666666666667
1,0.0,200,0.02666666666666667,0.95,0.023333333333333334,0.5546463529214137,0.95
1,0.0,201,0.03,0.93,0.04,0.5542030331436335,0.93
1,0.0,202,0.9133333333333333,0.03666666666666667,0.05,0.575597232399052,0.9133333333333333
1,0.0,203,0.93,0.03666666666666667,0.03333333333333333,0.5639479562233305,0.93
1,0.0,204,0.013333333333333334,0.94,0.04666666666666667,0.5837410901331933,0.94
1,0.0,205,0.9533333333333334,0.023333333333333334,0.023333333333333334,0.5436067772529349,0.9533333333333334
1,0.0,206,0.9333333333333333,0.043333333333333335,0.023333333333333334,0.565160061015399,0.9333333333333333
1,0.0,207,0.9533333333333334,0.013333333333333334,0.03333333333333333,0.5463029440792765,0.9533333333333334
1,0.0,208,0.03666666666666667,0.94,0.023333333333333334,0.5552971362055991,0.94
1,0.0,209,0.02666666666666667,0.93,0.043333333333333335,0.5708644993432551,0.93
1,0.0,210,0.9366666666666666,0.02,0.043333333333333335,0.5421793138668946,0.9366666666666666
1,0.0,211,0.94,0.02,0.04,0.5551737419410072,0.94
1,0.0,212,0.03666666666666667,0.92,0.043333333333333335,0.5530362540967791,0.92
1,0.0,213,0.04,0.94,0.02,0.5838011794242025,0.94
1,0.0,214,0.9366666666666666,0.03666666666666667,0.02666666666666667,0.5564504378488004,0.9366666666666666
1,0.0,215,0.9266666666666666,0.02666666666666667,0.04666666666666667,0.5610217299585837,0.9266666666666666
1,0.0,216,0.03666666666666667,0.94,0.023333333333333334,0.5626482530033051,0.94
1,0.0,217,0.03,0.9366666666666666,0.03333333333333333,0.5381423267501501,0.9366666666666666
1,0.0,218,0.9333333333333333,0.03666666666666667,0.03,0.5286853428837058,0.9333333333333333
1,0.0,219,0.93,0.02666666666666667,0.043333333333333335,0.5343477671235839,0.93
1,0.0,220,0.03666666666666667,0.9333333333333333,0.03,0.5663692534744167,0.9333333333333333
1,0.0,221,0.03,0.94,0.03,0.5267474629796153,0.94
1,0.0,222,0.9233333333333333,0.04666666666666667,0.03,0.5277179490516446,0.9233333333333333
1,0.0,223,0.9166666666666666,0.05,0.03333333333333333,0.545536058346097,0.9166666666666666
1,0.0,224,0.9166666666666666,0.05333333333333334,0.03,0.5745426223627379,0.9166666666666666
1,0.0,225,0.023333333333333334,0.9366666666666666,0.04,0.5168166199498851,0.9366666666666666
1,0.0,226,0.94,0.023333333333333334,0.03666666666666667,0.5120414442551228,0.94
1,0.0,227,0.4066666666666667,0.5666666666666667,0.02666666666666667,0.5332544475158786,0.5666666666666667
1,0.0,228,0.9266666666666666,0.04,0.03333333333333333,0.5365464230223868,0.9266666666666666
1,0.0,229,0.03,0.94,0.03,0.5646600204608624,0.94
1,0.0,230,0.9233333333333333,0.03333333333333333,0.043333333333333335,0.5715875390857054,0.9233333333333333
1,0.0,231,0.04666666666666667,0.9333333333333333,0.02,0.510833854808021,0.9333333333333333
1,0.0,232,0.9266666666666666,0.043333333333333335,0.03,0.5785178726313018,0.9266666666666666
1,0.0,233,0.03666666666666667,0.93,0.03333333333333333,0.577325222230911,0.93
1,0.0,234,0.9266666666666666,0.03666666666666667,0.03666666666666667,0.5384159671989591,0.9266666666666666
1,0.0,235,0.04,0.93,0.03,0.5597294367387075,0.93
1,0.0,236,0.9366666666666666,0.03333333333333333,0.03,0.5394816990161772,0.9366666666666666
1,0.0,237,0.03333333333333333,0.9233333333333333,0.043333333333333335,0.534711258488313,0.9233333333333333
1,0.0,238,0.93,0.03333333333333333,0.03666666666666667,0.5254350820053594,0.93
1,0.0,239,0.03666666666666667,0.9333333333333333,0.03,0.5646878642814379,0.9333333333333333
1,0.0,240,0.9233333333333333,0.043333333333333335,0.03333333333333333,0.5411596732034767,0.9233333333333333
1,0.0,241,0.04666666666666667,0.93,0.023333333333333334,0.5556391800038927,0.93
1,0.0,242,0.93,0.03,0.04,0.5581649034002063,0.93
1,0.0,243,0.023333333333333334,0.9366666666666666,0.04,0.573497238953135,0.9366666666666666
1,0.0,244,0.9433333333333334,0.02,0.03666666666666667,0.5773812862586176,0.9433333333333334
1,0.0,245,0.023333333333333334,0.9433333333333334,0.03333333333333333,0.5734783527033037,0.9433333333333334
1,0.0,246,0.92,0.05333333333333334,0.02666666666666667,0.5306569379025451,0.92
1,0.0,247,0.03,0.9466666666666667,0.023333333333333334,0.5608130017733155,0.9466666666666667
1,0.0,248,0.93,0.043333333333333335,0.02666666666666667,0.5540562932251129,0.93
1,0.0,249,0.8766666666666667,0.09666666666666666,0.02666666666666667,0.534940575952214,0.8766666666666667
1,0.0,250,0.9433333333333334,0.03666666666666667,0.02,0.576447384294496,0.9433333333333334
1,0.0,251,0.02666666666666667,0.9333333333333333,0.04,0.554589204031996,0.9333333333333333
1,0.0,252,0.9266666666666666,0.03666666666666667,0.03666666666666667,0.5472600602219478,0.9266666666666666
1,0.0,253,0.3933333333333333,0.58,0.02666666666666667,0.5973822839425416,0.58
1,0.0,254,0.9266666666666666,0.043333333333333335,0.03,0.5671525073017336,0.9266666666666666
1,0.0,255,0.04666666666666667,0.9266666666666666,0.02666666666666667,0.5617175757384145,0.9266666666666666
1,0.0,256,0.91,0.04666666666666667,0.043333333333333335,0.5887186494226523,0.91
1,0.0,257,0.03333333333333333,0.94,0.02666666666666667,0.5465662013433985,0.94
1,0.0,258,0.9633333333333334,0.02,0.016666666666666666,0.5696174871333318,0.9633333333333334
1,0.0,259,0.023333333333333334,0.9266666666666666,0.05,0.5401088166501655,0.9266666666666666
1,0.0,260,0.93,0.02666666666666667,0.043333333333333335,0.5527217939563355,0.93
1,0.0,261,0.05333333333333334,0.9333333333333333,0.013333333333333334,0.5168290902608099,0.9333333333333333
1,0.0,262,0.9233333333333333,0.043333333333333335,0.03333333333333333,0.5864872971182461,0.9233333333333333
1,0.0,263,0.03,0.93,0.04,0.5888565179726044,0.93
1,0.0,264,0.93,0.02666666666666667,0.043333333333333335,0.5165109621756014,0.93
1,0.0,265,0.04,0.9166666666666666,0.043333333333333335,0.5580005642800013,0.9166666666666666
1,0.0,266,0.9333333333333333,0.04,0.02666666666666667,0.5238114388712545,0.9333333333333333
1,0.0,267,0.02666666666666667,0.94,0.03333333333333333,0.5876001714182837,0.94
1,0.0,268,0.9366666666666666,0.03666666666666667,0.02666666666666667,0.5416424398325517,0.9366666666666666
1,0.0,269,0.92,0.056666666666666664,0.023333333333333334,0.5562461875661101,0.92
1,0.0,270,0.9366666666666666,0.03,0.03333333333333333,0.5663127017225785,0.9366666666666666
1,0.0,271,0.03666666666666667,0.9333333333333333,0.03,0.5776547077294655,0.9333333333333333
1,0.0,272,0.023333333333333334,0.9266666666666666,0.05,0.5072001968562083,0.9266666666666666
1,0.0,273,0.93,0.04,0.03,0.5171788072904008,0.93
1,0.0,274,0.9366666666666666,0.01,0.05333333333333334,0.508805212237152,0.9366666666666666
1,0.0,275,0.03666666666666667,0.93,0.03333333333333333,0.5154486209202321,0.93
1,0.0,276,0.03333333333333333,0.93,0.03666666666666667,0.5732290877367888,0.93
1,0.0,277,0.04,0.93,0.03,0.5857568584884423,0.93
1,0.0,278,0.94,0.03666666666666667,0.023333333333333334,0.5675052351871462,0.94
1,0.0,279,0.9366666666666666,0.043333333333333335,0.02,0.5202105975547012,0.9366666666666666
1,0.0,280,0.03,0.9266666666666666,0.043333333333333335,0.5288118387377815,0.9266666666666666
1,0.0,281,0.15,0.8233333333333334,0.02666666666666667,0.5447809834116807,0.8233333333333334
1,0.0,282,0.93,0.03333333333333333,0.03666666666666667,0.5782924879664109,0.93
1,0.0,283,0.93,0.03666666666666667,0.03333333333333333,0.5528753175514061,0.93
1,0.0,284,0.04,0.9366666666666666,0.023333333333333334,0.5663399731859591,0.9366666666666666
1,0.0,285,0.04666666666666667,0.92,0.03333333333333333,0.5761829513093434,0.92
1,0.0,286,0.9366666666666666,0.03,0.03333333333333333,0.5196607622872421,0.9366666666666666
1,0.0,287,0.94,0.03,0.03,0.5969890868707272,0.94
1,0.0,288,0.02666666666666667,0.9366666666666666,0.03666666666666667,0.548016890981772,0.9366666666666666
1,0.0,289,0.03333333333333333,0.9266666666666666,0.04,0.5648756174261733,0.9266666666666666
1,0.0,290,0.9366666666666666,0.03333333333333333,0.03,0.5792268289387169,0.9366666666666666
1,0.0,291,0.9333333333333333,0.03,0.03666666666666667,0.5369533424120463,0.9333333333333333
1,0.0,292,0.03666666666666667,0.9366666666666666,0.02666666666666667,0.5476412970037072,0.9366666666666666
1,0.0,293,0.02666666666666667,0.9366666666666666,0.03666666666666667,0.559148990572579,0.9366666666666666
1,0.0,294,0.9366666666666666,0.03333333333333333,0.03,0.5389092369997952,0.9366666666666666
1,0.0,295,0.93,0.04666666666666667,0.023333333333333334,0.585091860617148,0.93
1,0.0,296,0.79,0.17666666666666667,0.03333333333333333,0.5701830851719042,0.79
1,0.0,297,0.02666666666666667,0.9333333333333333,0.04,0.5302868164679353,0.9333333333333333
1,0.0,298,0.9166666666666666,0.03,0.05333333333333334,0.5324910543034417,0.9166666666666666
1,0.0,299,0.94,0.0033333333333333335,0.056666666666666664,0.5908919907948483,0.94
1,0.0,300,0.04,0.93,0.03,0.5846104889525798,0.93
1,0.0,301,0.03333333333333333,0.9266666666666666,0.04,0.5184972180200487,0.9266666666666666
1,0.0,302,0.03333333333333333,0.9433333333333334,0.023333333333333334,0.5317736535085603,0.9433333333333334
1,0.0,303,0.9366666666666666,0.03666666666666667,0.02666666666666667,0.5600657973417824,0.9366666666666666
1,0.0,304,0.9366666666666666,0.043333333333333335,0.02,0.5549385594141654,0.9366666666666666
1,0.0,305,0.03,0.9366666666666666,0.03333333333333333,0.5262735355932441,0.9366666666666666
1,0.0,306,0.06333333333333334,0.9066666666666666,0.03,0.532856405494535,0.9066666666666666
1,0.0,307,0.9266666666666666,0.03666666666666667,0.03666666666666667,0.5762225546853775,0.9266666666666666
1,0.0,308,0.9266666666666666,0.04,0.03333333333333333,0.5129016139128185,0.9266666666666666
1,0.0,309,0.03,0.9366666666666666,0.03333333333333333,0.5769294830784223,0.9366666666666666
1,0.0,310,0.11333333333333333,0.8533333333333334,0.03333333333333333,0.5807708897135537,0.8533333333333334
1,0.0,311,0.94,0.016666666666666666,0.043333333333333335,0.570423846022617,0.94
1,0.0,312,0.03333333333333333,0.9366666666666666,0.03,0.545861814463581,0.9366666666666666
1,0.0,313,0.03666666666666667,0.92,0.043333333333333335,0.5115648738750417,0.92
1,0.0,314,0.9066666666666666,0.06333333333333334,0.03,0.5839565142922393,0.9066666666666666
1,0.0,315,0.9333333333333333,0.043333333333333335,0.023333333333333334,0.5181194903254808,0.9333333333333333
1,0.0,316,0.43666666666666665,0.54,0.023333333333333334,0.5202840874465686,0.54
1,0.0,317,0.03,0.9266666666666666,0.043333333333333335,0.5474557962633447,0.9266666666666666
1,0.0,318,0.9233333333333333,0.04666666666666667,0.03,0.5220971416395482,0.9233333333333333
1,0.0,319,0.9366666666666666,0.03,0.03333333333333333,0.5419491256127136,0.9366666666666666
1,0.0,320,0.22666666666666666,0.7433333333333333,0.03,0.5738909380721584,0.7433333333333333
1,0.0,321,0.043333333333333335,0.9233333333333333,0.03333333333333333,0.5587574198585308,0.9233333333333333
1,0.0,322,0.81,0.15666666666666668,0.03333333333333333,0.5403071153543731,0.81
1,0.0,323,0.93,0.04,0.03,0.5401258168114231,0.93
1,0.0,324,0.79,0.16666666666666666,0.043333333333333335,0.5688491461150792,0.79
1,0.0,325,0.023333333333333334,0.9366666666666666,0.04,0.561070713990173,0.9366666666666666
1,0.0,326,0.95,0.016666666666666666,0.03333333333333333,0.5571925161050499,0.95
1,0.0,327,0.22,0.7366666666666667,0.043333333333333335,0.5318267293082418,0.7366666666666667
1,0.0,328,0.9133333333333333,0.056666666666666664,0.03,0.5837840090236125,0.9133333333333333
1,0.0,329,0.03,0.9366666666666666,0.03333333333333333,0.5084285128760885,0.9366666666666666
1,0.0,330,0.9166666666666666,0.03333333333333333,0.05,0.5212319663082108,0.9166666666666666
1,0.0,331,0.41333333333333333,0.5433333333333333,0.043333333333333335,0.5543381297072807,0.5433333333333333
1,0.0,332,0.95,0.023333333333333334,0.02666666666666667,0.5263068380570619,0.95
1,0.0,333,0.03666666666666667,0.93,0.03333333333333333,0.5838608473765617,0.93
1,0.0,334,0.8333333333333334,0.14333333333333334,0.023333333333333334,0.5666027862561837,0.8333333333333334
1,0.0,335,0.15,0.82,0.03,0.5423508990071896,0.82
1,0.0,336,0.9466666666666667,0.02666666666666667,0.02666666666666667,0.5357269646288656,0.9466666666666667
1,0.0,337,0.04,0.93,0.03,0.5202781561112714,0.93
1,0.0,338,0.8733333333333333,0.10666666666666667,0.02,0.5730221476460431,0.8733333333333333
1,0.0,339,0.04666666666666667,0.9266666666666666,0.02666666666666667,0.5892251210888487,0.9266666666666666
1,0.0,340,0.9433333333333334,0.02666666666666667,0.03,0.5483966882959719,0.9433333333333334
1,0.0,341,0.03666666666666667,0.93,0.03333333333333333,0.5452720244204629,0.93
1,0.0,342,0.9333333333333333,0.02666666666666667,0.04,0.5408562290694473,0.9333333333333333
1,0.0,343,0.03,0.94,0.03,0.5492097686304587,0.94
1,0.0,344,0.9233333333333333,0.02666666666666667,0.05,0.5637444140300296,0.9233333333333333
1,0.0,345,0.03666666666666667,0.9266666666666666,0.03666666666666667,0.5541726301717477,0.9266666666666666
1,0.0,346,0.9166666666666666,0.05,0.03333333333333333,0.5276383199269075,0.9166666666666666
1,0.0,347,0.043333333333333335,0.9133333333333333,0.043333333333333335,0.5703177694794227,0.9133333333333333
1,0.0,348,0.94,0.03333333333333333,0.02666666666666667,0.5496086385471701,0.94
1,0.0,349,0.03666666666666667,0.9333333333333333,0.03,0.536097471654478,0.9333333333333333
1,0.0,350,0.9233333333333333,0.03333333333333333,0.043333333333333335,0.5629092602841956,0.9233333333333333
1,0.0,351,0.04666666666666667,0.93,0.023333333333333334,0.5764360603333251,0.93
1,0.0,352,0.93,0.03,0.04,0.5263695477242225,0.93
1,0.0,353,0.03333333333333333,0.9266666666666666,0.04,0.542303183843195,0.9266666666666666
1,0.0,354,0.9333333333333333,0.04,0.02666666666666667,0.530854541427429,0.9333333333333333
1,0.0,355,0.04,0.9266666666666666,0.03333333333333333,0.5355224838628764,0.9266666666666666
1,0.0,356,0.9333333333333333,0.03,0.03666666666666667,0.5605683451342831,0.9333333333333333
1,0.0,357,0.03333333333333333,0.93,0.03666666666666667,0.512737577727922,0.93
1,0.0,358,0.94,0.03333333333333333,0.02666666666666667,0.5281119372517277,0.94
1,0.0,359,0.03333333333333333,0.9433333333333334,0.023333333333333334,0.5582413994840029,0.9433333333333334
1,0.0,360,0.9333333333333333,0.03333333333333333,0.03333333333333333,0.563905965530569,0.9333333333333333
1,0.0,361,0.03666666666666667,0.9366666666666666,0.02666666666666667,0.5267095213894916,0.9366666666666666
1,0.0,362,0.9366666666666666,0.013333333333333334,0.05,0.5314541917564526,0.9366666666666666
1,0.0,363,0.02,0.93,0.05,0.5903366684116074,0.93
1,0.0,364,0.9433333333333334,0.04,0.016666666666666666,0.562863748414761,0.9433333333333334
1,0.0,365,0.04666666666666667,0.9333333333333333,0.02,0.5665434398791247,0.9333333333333333
1,0.0,366,0.9366666666666666,0.02666666666666667,0.03666666666666667,0.5565485466696845,0.9366666666666666
1,0.0,367,0.04,0.9233333333333333,0.03666666666666667,0.540053823922384,0.9233333333333333
1,0.0,368,0.9433333333333334,0.03666666666666667,0.02,0.5130272955853727,0.9433333333333334
1,0.0,369,0.03,0.9333333333333333,0.03666666666666667,0.5392347093598564,0.9333333333333333
1,0.0,370,0.9366666666666666,0.03,0.03333333333333333,0.5517961341544516,0.9366666666666666
1,0.0,371,0.03,0.9366666666666666,0.03333333333333333,0.5173531220937712,0.9366666666666666
1,0.0,372,0.93,0.023333333333333334,0.04666666666666667,0.5364335194767315,0.93
1,0.0,373,0.04,0.9366666666666666,0.023333333333333334,0.5602308219891363,0.9366666666666666
1,0.0,374,0.9366666666666666,0.01,0.05333333333333334,0.5658978162733084,0.9366666666666666
1,0.0,375,0.05333333333333334,0.9233333333333333,0.023333333333333334,0.5567685415882567,0.9233333333333333
1,0.0,376,0.04,0.94,0.02,0.5797207250999126,0.94
1,0.0,377,0.03,0.93,0.04,0.5506890948148111,0.93
1,0.0,378,0.93,0.023333333333333334,0.04666666666666667,0.5887241962474754,0.93
1,0.0,379,0.92,0.043333333333333335,0.03666666666666667,0.5952601826701823,0.92
1,0.0,380,0.03666666666666667,0.9333333333333333,0.03,0.568670317191673,0.9333333333333333
1,0.0,381,0.043333333333333335,0.93,0.02666666666666667,0.5272339447603402,0.93
1,0.0,382,0.9266666666666666,0.043333333333333335,0.03,0.5680284084009806,0.9266666666666666
1,0.0,383,0.9333333333333333,0.043333333333333335,0.023333333333333334,0.5522150476241441,0.9333333333333333
1,0.0,384,0.03,0.9366666666666666,0.03333333333333333,0.5655213750536338,0.9366666666666666
1,0.0,385,0.32666666666666666,0.62,0.05333333333333334,0.5731182070838062,0.62
1,0.0,386,0.94,0.02666666666666667,0.03333333333333333,0.5654752978725794,0.94
1,0.0,387,0.8433333333333334,0.11,0.04666666666666667,0.5417042236058606,0.8433333333333334
1,0.0,388,0.016666666666666666,0.93,0.05333333333333334,0.5368669293784867,0.93
1,0.0,389,0.9433333333333334,0.03666666666666667,0.02,0.5586617147492784,0.9433333333333334
1,0.0,390,0.93,0.013333333333333334,0.056666666666666664,0.5492054278423597,0.93
1,0.0,391,0.03333333333333333,0.94,0.02666666666666667,0.5078335788665637,0.94
1,0.0,392,0.023333333333333334,0.9333333333333333,0.043333333333333335,0.5075208881548811,0.9333333333333333
1,0.0,393,0.93,0.04,0.03,0.5763685097062541,0.93
1,0.0,394,0.93,0.043333333333333335,0.02666666666666667,0.5519882884547991,0.93
1,0.0,395,0.8166666666666667,0.14333333333333334,0.04,0.5370174997287178,0.8166666666666667
1,0.0,396,0.013333333333333334,0.94,0.04666666666666667,0.5137150380087486,0.94
1,0.0,397,0.9266666666666666,0.03333333333333333,0.04,0.5369078427330175,0.9266666666666666
1,0.0,398,0.93,0.04666666666666667,0.023333333333333334,0.566450958137225,0.93
1,0.0,399,0.94,0.02666666666666667,0.03333333333333333,0.543185719247837,0.94
1,0.0,400,0.04666666666666667,0.93,0.023333333333333334,0.5204025547612996,0.93
1,0.0,401,0.05,0.9266666666666666,0.023333333333333334,0.5560690479456321,0.9266666666666666
1,0.0,402,0.9366666666666666,0.02,0.043333333333333335,0.5212532195681742,0.9366666666666666
1,0.0,403,0.9266666666666666,0.043333333333333335,0.03,0.5149569551067765,0.9266666666666666
1,0.0,404,0.03666666666666667,0.9266666666666666,0.03666666666666667,0.5599455876512671,0.9266666666666666
1,0.0,405,0.03,0.9466666666666667,0.023333333333333334,0.5265947207880975,0.9466666666666667
1,0.0,406,0.94,0.03,0.03,0.5496936705258616,0.94
1,0.0,407,0.9233333333333333,0.03,0.04666666666666667,0.5591898648533288,0.9233333333333333
1,0.0,408,0.02,0.94,0.04,0.53637099073047,0.94
1,0.0,409,0.53,0.45,0.02,0.5941352532397745,0.53
1,0.0,410,0.9166666666666666,0.043333333333333335,0.04,0.5911143765146243,0.9166666666666666
1,0.0,411,0.94,0.023333333333333334,0.03666666666666667,0.5823790310711403,0.94
1,0.0,412,0.02666666666666667,0.9333333333333333,0.04,0.5678758277183383,0.9333333333333333
1,0.0,413,0.03666666666666667,0.9266666666666666,0.03666666666666667,0.5511695423425085,0.9266666666666666
1,0.0,414,0.93,0.013333333333333334,0.056666666666666664,0.509988323862432,0.93
1,0.0,415,0.94,0.03333333333333333,0.02666666666666667,0.5325906930786368,0.94
1,0.0,416,0.03333333333333333,0.9366666666666666,0.03,0.5633505312193352,0.9366666666666666
1,0.0,417,0.02666666666666667,0.9166666666666666,0.056666666666666664,0.5570367946155993,0.9166666666666666
1,0.0,418,0.94,0.03333333333333333,0.02666666666666667,0.5575898399731973,0.94
1,0.0,419,0.93,0.05,0.02,0.5244697171472328,0.93
1,0.0,420,0.85,0.11333333333333333,0.03666666666666667,0.5343738291581929,0.85
1,0.0,421,0.03,0.9266666666666666,0.043333333333333335,0.5400804706055029,0.9266666666666666
1,0.0,422,0.9266666666666666,0.03,0.043333333333333335,0.5859791930992577,0.9266666666666666
1,0.0,423,0.5633333333333334,0.4066666666666667,0.03,0.512088762985594,0.5633333333333334
1,0.0,424,0.9433333333333334,0.04666666666666667,0.01,0.5213794653682284,0.9433333333333334
1,0.0,425,0.03,0.9366666666666666,0.03333333333333333,0.5144784953038192,0.9366666666666666
1,0.0,426,0.9366666666666666,0.03333333333333333,0.03,0.5902608645358055,0.9366666666666666
1,0.0,427,0.023333333333333334,0.9333333333333333,0.043333333333333335,0.5653730916153948,0.9333333333333333
1,0.0,428,0.93,0.03333333333333333,0.03666666666666667,0.5714741464884409,0.93
1,0.0,429,0.03666666666666667,0.92,0.043333333333333335,0.5429416174335667,0.92
1,0.0,430,0.94,0.043333333333333335,0.016666666666666666,0.5021273337305985,0.94
1,0.0,431,0.043333333333333335,0.9233333333333333,0.03333333333333333,0.545309393265531,0.9233333333333333
1,0.0,432,0.9466666666666667,0.023333333333333334,0.03,0.5843559078199717,0.9466666666666667
1,0.0,433,0.03333333333333333,0.9266666666666666,0.04,0.5253626431722535,0.9266666666666666
1,0.0,434,0.93,0.02666666666666667,0.043333333333333335,0.567539757321155,0.93
1,0.0,435,0.02666666666666667,0.95,0.023333333333333334,0.5266961412051168,0.95
1,0.0,436,0.9533333333333334,0.016666666666666666,0.03,0.5607624545885814,0.9533333333333334
1,0.0,437,0.02666666666666667,0.94,0.03333333333333333,0.5618350193968009,0.94
1,0.0,438,0.9433333333333334,0.023333333333333334,0.03333333333333333,0.5051379464781283,0.9433333333333334
1,0.0,439,0.02,0.9366666666666666,0.043333333333333335,0.5197091572290629,0.9366666666666666
1,0.0,440,0.9366666666666666,0.03333333333333333,0.03,0.5664781840908707,0.9366666666666666
1,0.0,441,0.15,0.8233333333333334,0.02666666666666667,0.542495373642048,0.8233333333333334
1,0.0,442,0.9233333333333333,0.03666666666666667,0.04,0.5782497569802962,0.9233333333333333
1,0.0,443,0.043333333333333335,0.92,0.03666666666666667,0.536894530779774,0.92
1,0.0,444,0.9266666666666666,0.04666666666666667,0.02666666666666667,0.5408454983499816,0.9266666666666666
1,0.0,445,0.043333333333333335,0.94,0.016666666666666666,0.5600332781560643,0.94
1,0.0,446,0.9366666666666666,0.03,0.03333333333333333,0.5396363615468511,0.9366666666666666
1,0.0,447,0.02666666666666667,0.9333333333333333,0.04,0.5333025741062742,0.9333333333333333
1,0.0,448,0.9333333333333333,0.02,0.04666666666666667,0.5891862312967566,0.9333333333333333
1,0.0,449,0.03333333333333333,0.9466666666666667,0.02,0.5186187423018392,0.9466666666666667
1,0.0,450,0.94,0.03666666666666667,0.023333333333333334,0.5149989306833395,0.94
1,0.0,451,0.02666666666666667,0.9366666666666666,0.03666666666666667,0.5535040578760949,0.9366666666666666
1,0.0,452,0.9466666666666667,0.023333333333333334,0.03,0.5697883527908082,0.9466666666666667
1,0.0,453,0.04666666666666667,0.9333333333333333,0.02,0.5900387877547189,0.9333333333333333
1,0.0,454,0.9266666666666666,0.03,0.043333333333333335,0.5500885723229981,0.9266666666666666
1,0.0,455,0.04,0.93,0.03,0.5569721657735917,0.93
1,0.0,456,0.9366666666666666,0.043333333333333335,0.02,0.5361482472887728,0.9366666666666666
1,0.0,457,0.03666666666666667,0.93,0.03333333333333333,0.5599665223625507,0.93
1,0.0,458,0.94,0.043333333333333335,0.016666666666666666,0.5807743290964521,0.94
1,0.0,459,0.03,0.9333333333333333,0.03666666666666667,0.5747830825957959,0.9333333333333333
1,0.0,460,0.9333333333333333,0.02666666666666667,0.04,0.5850510409670049,0.9333333333333333
1,0.0,461,0.04,0.9433333333333334,0.016666666666666666,0.5524641407910548,0.9433333333333334
1,0.0,462,0.94,0.03,0.03,0.5320595906385421,0.94
1,0.0,463,0.016666666666666666,0.9533333333333334,0.03,0.5643923965072706,0.9533333333333334
1,0.0,464,0.9333333333333333,0.03,0.03666666666666667,0.5467253052119317,0.9333333333333333
1,0.0,465,0.93,0.03333333333333333,0.03666666666666667,0.5350513672277593,0.93
1,0.0,466,0.9233333333333333,0.04,0.03666666666666667,0.5650538694353349,0.9233333333333333
1,0.0,467,0.03333333333333333,0.9433333333333334,0.023333333333333334,0.5130885404574465,0.9433333333333334
1,0.0,468,0.04666666666666667,0.93,0.023333333333333334,0.5597191830387841,0.93
1,0.0,469,0.9166666666666666,0.04,0.043333333333333335,0.524993059277387,0.9166666666666666
1,0.0,470,0.93,0.02666666666666667,0.043333333333333335,0.5802935834935073,0.93
1,0.0,471,0.03,0.9433333333333334,0.02666666666666667,0.531088774374257,0.9433333333333334
1,0.0,472,0.03,0.9333333333333333,0.03666666666666667,0.5352268247076218,0.9333333333333333
1,0.0,473,0.9233333333333333,0.05,0.02666666666666667,0.5901629332405721,0.9233333333333333
1,0.0,474,0.9366666666666666,0.023333333333333334,0.04,0.5571490762167446,0.9366666666666666
1,0.0,475,0.02,0.94,0.04,0.5256581690489573,0.94
1,0.0,476,0.43666666666666665,0.54,0.023333333333333334,0.5533206968174741,0.54
1,0.0,477,0.9266666666666666,0.04,0.03333333333333333,0.5488069842958043,0.9266666666666666
1,0.0,478,0.9333333333333333,0.04666666666666667,0.02,0.5148823223383615,0.9333333333333333
1,0.0,479,0.03,0.9266666666666666,0.043333333333333335,0.5702295765110977,0.9266666666666666
1,0.0,480,0.8,0.16333333333333333,0.03666666666666667,0.5664559958326422,0.8
1,0.0,481,0.93,0.043333333333333335,0.02666666666666667,0.5642567041318078,0.93
1,0.0,482,0.9333333333333333,0.03333333333333333,0.03333333333333333,0.5418329202547308,0.9333333333333333
1,0.0,483,0.03,0.94,0.03,0.5660024321553268,0.94
1,0.0,484,0.04,0.9333333333333333,0.02666666666666667,0.5741885865667983,0.9333333333333333
1,0.0,485,0.94,0.023333333333333334,0.03666666666666667,0.5056934836435436,0.94
1,0.0,486,0.9166666666666666,0.03333333333333333,0.05,0.529173602559969,0.9166666666666666
1,0.0,487,0.02666666666666667,0.9366666666666666,0.03666666666666667,0.5479495659186142,0.9366666666666666
1,0.0,488,0.03,0.92,0.05,0.5791067682064615,0.92
1,0.0,489,0.9366666666666666,0.03333333333333333,0.03,0.5221569151908353,0.9366666666666666
1,0.0,490,0.9333333333333333,0.02666666666666667,0.04,0.5159171456852554,0.9333333333333333
1,0.0,491,0.02666666666666667,0.9433333333333334,0.03,0.5330357762991648,0.9433333333333334
1,0.0,492,0.04,0.91,0.05,0.553609029105747,0.91
1,0.0,493,0.9133333333333333,0.023333333333333334,0.06333333333333334,0.5414995046922595,0.9133333333333333
1,0.0,494,0.92,0.043333333333333335,0.03666666666666667,0.5756805290242271,0.92
1,0.0,495,0.03666666666666667,0.9366666666666666,0.02666666666666667,0.5937208780389253,0.9366666666666666
1,0.0,496,0.04,0.9266666666666666,0.03333333333333333,0.5302784536473955,0.9266666666666666
1,0.0,497,0.9333333333333333,0.03666666666666667,0.03,0.5393055613081568,0.9333333333333333
1,0.0,498,0.92,0.02,0.06,0.5602609772500287,0.92
1,0.0,499,0.04,0.9366666666666666,0.023333333333333334,0.5872634302196523,0.9366666666666666
2,0.05,0,0.35333333333333333,0.3333333333333333,0.31333333333333335,0.5142022123029886,0.35333333333333333
2,0.05,1,0.30666666666666664,0.39666666666666667,0.2966666666666667,0.5882315469726497,0.39666666666666667
2,0.05,2,0.35,0.3333333333333333,0.31666666666666665,0.57008179886273,0.35
2,0.05,3,0.76,0.21333333333333335,0.02666666666666667,0.5205420976125981,0.76
2,0.05,4,0.42333333333333334,0.5533333333333333,0.023333333333333334,0.5364925294463142,0.5533333333333333
2,0.05,5,0.47333333333333333,0.4766666666666667,0.05,0.5790511939923132,0.4766666666666667
2,0.05,6,0.38,0.57,0.05,0.5270169458895066,0.57
2,0.05,7,0.7866666666666666,0.16,0.05333333333333334,0.5356768595626628,0.7866666666666666
2,0.05,8,0.22,0.7333333333333333,0.04666666666666667,0.5634849805047896,0.7333333333333333
2,0.05,9,0.7433333333333333,0.21,0.04666666666666667,0.5735886214128203,0.7433333333333333
2,0.05,10,0.22,0.7566666666666667,0.023333333333333334,0.5653169332593643,0.7566666666666667
2,0.05,11,0.8866666666666667,0.08,0.03333333333333333,0.5649757090853288,0.8866666666666667
2,0.05,12,0.056666666666666664,0.9166666666666666,0.02666666666666667,0.573179415629436,0.9166666666666666
2,0.05,13,0.9,0.06,0.04,0.5618240260123986,0.9
2,0.05,14,0.09333333333333334,0.8733333333333333,0.03333333333333333,0.5381379679955018,0.8733333333333333
2,0.05,15,0.9066666666666666,0.06333333333333334,0.03,0.5876740167384117,0.9066666666666666
2,0.05,16,0.06666666666666667,0.91,0.023333333333333334,0.5328569129988552,0.91
2,0.05,17,0.9033333333333333,0.06,0.03666666666666667,0.5790974709520106,0.9033333333333333
2,0.05,18,0.07,0.8933333333333333,0.03666666666666667,0.534763705188557,0.8933333333333333
2,0.05,19,0.93,0.04,0.03,0.5363406245278386,0.93
2,0.05,20,0.05333333333333334,0.8933333333333333,0.05333333333333334,0.557256793499125,0.8933333333333333
2,0.05,21,0.8933333333333333,0.06333333333333334,0.043333333333333335,0.5614857581419219,0.8933333333333333
2,0.05,22,0.07666666666666666,0.8966666666666666,0.02666666666666667,0.5723309931727208,0.8966666666666666
2,0.05,23,0.9033333333333333,0.06,0.03666666666666667,0.5735594600580366,0.9033333333333333
2,0.05,24,0.06666666666666667,0.8933333333333333,0.04,0.5174517944220148,0.8933333333333333
2,0.05,25,0.89,0.06666666666666667,0.043333333333333335,0.5543327340833936,0.89
2,0.05,26,0.056666666666666664,0.91,0.03333333333333333,0.5561488740418373,0.91
2,0.05,27,0.8966666666666666,0.06333333333333334,0.04,0.5291672552989524,0.8966666666666666
2,0.05,28,0.15666666666666668,0.8033333333333333,0.04,0.5154489205063626,0.8033333333333333
2,0.05,29,0.9033333333333333,0.06666666666666667,0.03,0.5369153419805831,0.9033333333333333
2,0.05,30,0.06666666666666667,0.8833333333333333,0.05,0.5449780300297801,0.8833333333333333
2,0.05,31,0.9133333333333333,0.04666666666666667,0.04,0.5830970485108079,0.9133333333333333
2,0.05,32,0.07666666666666666,0.8966666666666666,0.02666666666666667,0.5342289861890275,0.8966666666666666
2,0.05,33,0.9033333333333333,0.06333333333333334,0.03333333333333333,0.5701636363761897,0.9033333333333333
2,0.05,34,0.06,0.8933333333333333,0.04666666666666667,0.529062114059879,0.8933333333333333
2,0.05,35,0.8933333333333333,0.08666666666666667,0.02,0.5357488292201509,0.8933333333333333
2,0.05,36,0.13666666666666666,0.8233333333333334,0.04,0.5146475471895542,0.8233333333333334
2,0.05,37,0.9133333333333333,0.02666666666666667,0.06,0.5527740055926311,0.9133333333333333
2,0.05,38,0.06333333333333334,0.9033333333333333,0.03333333333333333,0.5285179248505262,0.9033333333333333
2,0.05,39,0.12,0.8433333333333334,0.03666666666666667,0.5622608349584216,0.8433333333333334
2,0.05,40,0.14333333333333334,0.8333333333333334,0.023333333333333334,0.5177213907134762,0.8333333333333334
2,0.05,41,0.9233333333333333,0.05333333333333334,0.023333333333333334,0.5942872292706598,0.9233333333333333
2,0.05,42,0.36,0.6166666666666667,0.023333333333333334,0.5217524462889724,0.6166666666666667
2,0.05,43,0.06666666666666667,0.8866666666666667,0.04666666666666667,0.5520145023205529,0.8866666666666667
2,0.05,44,0.7133333333333334,0.24,0.04666666666666667,0.5541700889335823,0.7133333333333334
2,0.05,45,0.9033333333333333,0.06666666666666667,0.03,0.5783357354966535,0.9033333333333333
2,0.05,46,0.7866666666666666,0.17333333333333334,0.04,0.5056926992316011,0.7866666666666666
2,0.05,47,0.03666666666666667,0.9133333333333333,0.05,0.5460031367801453,0.9133333333333333
2,0.05,48,0.87,0.08333333333333333,0.04666666666666667,0.5200168058337786,0.87
2,0.05,49,0.8866666666666667,0.08,0.03333333333333333,0.577045596975065,0.8866666666666667
2,0.05,50,0.8766666666666667,0.08,0.043333333333333335,0.5267245333013035,0.8766666666666667
2,0.05,51,0.07,0.8933333333333333,0.03666666666666667,0.5435535009018228,0.8933333333333333
2,0.05,52,0.22,0.7533333333333333,0.02666666666666667,0.5678915738803224,0.7533333333333333
2,0.05,53,0.9,0.07666666666666666,0.023333333333333334,0.5629368111598916,0.9
2,0.05,54,0.9033333333333333,0.06333333333333334,0.03333333333333333,0.531923472070461,0.9033333333333333
2,0.05,55,0.056666666666666664,0.9066666666666666,0.03666666666666667,0.5600383674514113,0.9066666666666666
2,0.05,56,0.15333333333333332,0.8233333333333334,0.023333333333333334,0.5505805379097288,0.8233333333333334
2,0.05,57,0.8833333333333333,0.07333333333333333,0.043333333333333335,0.5441643293483099,0.8833333333333333
2,0.05,58,0.9066666666666666,0.05333333333333334,0.04,0.5224198537192674,0.9066666666666666
2,0.05,59,0.05,0.9,0.05,0.5379881065334637,0.9
2,0.05,60,0.4866666666666667,0.4766666666666667,0.03666666666666667,0.5709117725935409,0.4866666666666667
2,0.05,61,0.87,0.07666666666666666,0.05333333333333334,0.5723790728825287,0.87
2,0.05,62,0.8766666666666667,0.08,0.043333333333333335,0.5674897184629193,0.8766666666666667
2,0.05,63,0.05,0.9033333333333333,0.04666666666666667,0.5356999745752847,0.9033333333333333
2,0.05,64,0.6866666666666666,0.2866666666666667,0.02666666666666667,0.5719969955841276,0.6866666666666666
2,0.05,65,0.8833333333333333,0.08333333333333333,0.03333333333333333,0.5704757571623732,0.8833333333333333
2,0.05,66,0.9066666666666666,0.07,0.023333333333333334,0.5268202058398235,0.9066666666666666
2,0.05,67,0.06,0.9133333333333333,0.02666666666666667,0.5281842579952011,0.9133333333333333
2,0.05,68,0.27666666666666667,0.69,0.03333333333333333,0.5845253589747437,0.69
2,0.05,69,0.8866666666666667,0.07666666666666666,0.03666666666666667,0.5244124854827614,0.8866666666666667
2,0.05,70,0.8833333333333333,0.09,0.02666666666666667,0.5512819529771397,0.8833333333333333
2,0.05,71,0.056666666666666664,0.9133333333333333,0.03,0.5326980724173799,0.9133333333333333
2,0.05,72,0.7833333333333333,0.2,0.016666666666666666,0.5719373341075986,0.7833333333333333
2,0.05,73,0.8633333333333333,0.08333333333333333,0.05333333333333334,0.5308755489330759,0.8633333333333333
2,0.05,74,0.8966666666666666,0.06333333333333334,0.04,0.5342428773018559,0.8966666666666666
2,0.05,75,0.056666666666666664,0.9066666666666666,0.03666666666666667,0.5709201594784576,0.9066666666666666
2,0.05,76,0.6866666666666666,0.2833333333333333,0.03,0.5483166409659697,0.6866666666666666
2,0.05,77,0.8933333333333333,0.07,0.03666666666666667,0.5306439335553377,0.8933333333333333
2,0.05,78,0.8766666666666667,0.08,0.043333333333333335,0.5231285812552217,0.8766666666666667
2,0.05,79,0.08,0.91,0.01,0.5656910948100687,0.91
2,0.05,80,0.11333333333333333,0.86,0.02666666666666667,0.5311077613872044,0.86
2,0.05,81,0.9,0.07666666666666666,0.023333333333333334,0.5538464628736898,0.9
2,0.05,82,0.8933333333333333,0.06,0.04666666666666667,0.5580134129443469,0.8933333333333333
2,0.05,83,0.08333333333333333,0.8866666666666667,0.03,0.5603963920966084,0.8866666666666667
2,0.05,84,0.06666666666666667,0.9,0.03333333333333333,0.5144029933110028,0.9
2,0.05,85,0.9033333333333333,0.07333333333333333,0.023333333333333334,0.5256213016559362,0.9033333333333333
2,0.05,86,0.9,0.05,0.05,0.5507573046839852,0.9
2,0.05,87,0.07,0.8866666666666667,0.043333333333333335,0.5609885814531731,0.8866666666666667
2,0.05,88,0.06333333333333334,0.8833333333333333,0.05333333333333334,0.5365293457821202,0.8833333333333333
2,0.05,89,0.8933333333333333,0.07666666666666666,0.03,0.5191738522253969,0.8933333333333333
2,0.05,90,0.88,0.08666666666666667,0.03333333333333333,0.5294875165214697,0.88
2,0.05,91,0.7333333333333333,0.24,0.02666666666666667,0.5106035140105536,0.7333333333333333
2,0.05,92,0.04666666666666667,0.9066666666666666,0.04666666666666667,0.5390071340609133,0.9066666666666666
2,0.05,93,0.9,0.06333333333333334,0.03666666666666667,0.5174125598428186,0.9
2,0.05,94,0.8766666666666667,0.08666666666666667,0.03666666666666667,0.5319872810840441,0.8766666666666667
2,0.05,95,0.8366666666666667,0.12333333333333334,0.04,0.5897073599698778,0.8366666666666667
2,0.05,96,0.04666666666666667,0.9133333333333333,0.04,0.5404880888485784,0.9133333333333333
2,0.05,97,0.8766666666666667,0.1,0.023333333333333334,0.5871581761670046,0.8766666666666667
2,0.05,98,0.8966666666666666,0.07666666666666666,0.02666666666666667,0.5682108554035129,0.8966666666666666
2,0.05,99,0.83,0.13,0.04,0.5394024627165478,0.83
2,0.05,100,0.03,0.9133333333333333,0.056666666666666664,0.5112358504370824,0.9133333333333333
2,0.05,101,0.8833333333333333,0.06333333333333334,0.05333333333333334,0.5514274764183754,0.8833333333333333
2,0.05,102,0.8733333333333333,0.09,0.03666666666666667,0.5690403334990083,0.8733333333333333
2,0.05,103,0.8833333333333333,0.08333333333333333,0.03333333333333333,0.5413023915811702,0.8833333333333333
2,0.05,104,0.03666666666666667,0.9066666666666666,0.056666666666666664,0.5500588275061983,0.9066666666666666
2,0.05,105,0.9033333333333333,0.08,0.016666666666666666,0.5675578918925783,0.9033333333333333
2,0.05,106,0.89,0.08,0.03,0.5160832447165677,0.89
2,0.05,107,0.88,0.08,0.04,0.5173518166522748,0.88
2,0.05,108,0.05,0.91,0.04,0.5591624641134021,0.91
2,0.05,109,0.88,0.09333333333333334,0.02666666666666667,0.589887163431725,0.88
2,0.05,110,0.8733333333333333,0.1,0.02666666666666667,0.5774653462077938,0.8733333333333333
2,0.05,111,0.8733333333333333,0.10333333333333333,0.023333333333333334,0.5183059234037442,0.8733333333333333
2,0.05,112,0.04666666666666667,0.91,0.043333333333333335,0.521294992713299,0.91
2,0.05,113,0.9033333333333333,0.06666666666666667,0.03,0.5126538703721399,0.9033333333333333
2,0.05,114,0.8766666666666667,0.08333333333333333,0.04,0.5137159058112934,0.8766666666666667
2,0.05,115,0.8633333333333333,0.08,0.056666666666666664,0.5840022141760783,0.8633333333333333
2,0.05,116,0.05333333333333334,0.9133333333333333,0.03333333333333333,0.5549915488982505,0.9133333333333333
2,0.05,117,0.83,0.14666666666666667,0.023333333333333334,0.586974191985622,0.83
2,0.05,118,0.8733333333333333,0.09666666666666666,0.03,0.5252017294838905,0.8733333333333333
2,0.05,119,0.8833333333333333,0.07666666666666666,0.04,0.5275122287739948,0.8833333333333333
2,0.05,120,0.06,0.89,0.05,0.55283203298033,0.89
2,0.05,121,0.7733333333333333,0.19333333333333333,0.03333333333333333,0.5362438889361413,0.7733333333333333
2,0.05,122,0.8833333333333333,0.07666666666666666,0.04,0.5233065147740142,0.8833333333333333
2,0.05,123,0.8633333333333333,0.09,0.04666666666666667,0.5073677414312008,0.8633333333333333
2,0.05,124,0.04666666666666667,0.91,0.043333333333333335,0.5698288230228441,0.91
2,0.05,125,0.89,0.06666666666666667,0.043333333333333335,0.5664079284867581,0.89
2,0.05,126,0.8233333333333334,0.13666666666666666,0.04,0.5398496798013899,0.8233333333333334
2,0.05,127,0.8733333333333333,0.09,0.03666666666666667,0.5163988515553571,0.8733333333333333
2,0.05,128,0.03,0.93,0.04,0.519177929230528,0.93
2,0.05,129,0.88,0.08,0.04,0.5806893493691108,0.88
2,0.05,130,0.8733333333333333,0.09666666666666666,0.03,0.525679401583593,0.8733333333333333
2,0.05,131,0.8866666666666667,0.09,0.023333333333333334,0.5486842845073001,0.8866666666666667
2,0.05,132,0.06666666666666667,0.8933333333333333,0.04,0.555900018221782,0.8933333333333333
2,0.05,133,0.7466666666666667,0.22333333333333333,0.03,0.5576587013713846,0.7466666666666667
2,0.05,134,0.8666666666666667,0.11,0.023333333333333334,0.5662368451770131,0.8666666666666667
2,0.05,135,0.8766666666666667,0.09333333333333334,0.03,0.5365270223283208,0.8766666666666667
2,0.05,136,0.05,0.9133333333333333,0.03666666666666667,0.594138397159183,0.9133333333333333
2,0.05,137,0.8933333333333333,0.08666666666666667,0.02,0.5623470444656258,0.8933333333333333
2,0.05,138,0.8666666666666667,0.10333333333333333,0.03,0.590123058558147,0.8666666666666667
2,0.05,139,0.87,0.09666666666666666,0.03333333333333333,0.5513979511215166,0.87
2,0.05,140,0.043333333333333335,0.9066666666666666,0.05,0.555298339450077,0.9066666666666666
2,0.05,141,0.89,0.07,0.04,0.5492306766689814,0.89
2,0.05,142,0.8833333333333333,0.09333333333333334,0.023333333333333334,0.5640705871077779,0.8833333333333333
2,0.05,143,0.87,0.09333333333333334,0.03666666666666667,0.5303137446430303,0.87
2,0.05,144,0.043333333333333335,0.9233333333333333,0.03333333333333333,0.5936963596409968,0.9233333333333333
2,0.05,145,0.9033333333333333,0.06666666666666667,0.03,0.5664331902098813,0.9033333333333333
2,0.05,146,0.8466666666666667,0.11,0.043333333333333335,0.5847154633896658,0.8466666666666667
2,0.05,147,0.8633333333333333,0.10333333333333333,0.03333333333333333,0.5428339199581789,0.8633333333333333
2,0.05,148,0.056666666666666664,0.9133333333333333,0.03,0.5340530705591445,0.9133333333333333
2,0.05,149,0.8733333333333333,0.1,0.02666666666666667,0.5517071324284109,0.8733333333333333
2,0.05,150,0.86,0.11,0.03,0.5332312216729942,0.86
2,0.05,151,0.8833333333333333,0.09,0.02666666666666667,0.5637530557450315,0.8833333333333333
2,0.05,152,0.07,0.8933333333333333,0.03666666666666667,0.5409621227550625,0.8933333333333333
2,0.05,153,0.7366666666666667,0.23333333333333334,0.03,0.5726461059933554,0.7366666666666667
2,0.05,154,0.8733333333333333,0.10666666666666667,0.02,0.524497111530691,0.8733333333333333
2,0.05,155,0.9133333333333333,0.056666666666666664,0.03,0.5845819528926047,0.9133333333333333
2,0.05,156,0.03333333333333333,0.93,0.03666666666666667,0.5376304889722192,0.93
2,0.05,157,0.9033333333333333,0.07333333333333333,0.023333333333333334,0.5884340505195136,0.9033333333333333
2,0.05,158,0.8466666666666667,0.11,0.043333333333333335,0.5380872797596673,0.8466666666666667
2,0.05,159,0.8766666666666667,0.10333333333333333,0.02,0.5663518742399706,0.8766666666666667
2,0.05,160,0.056666666666666664,0.9033333333333333,0.04,0.5764887158522695,0.9033333333333333
2,0.05,161,0.8966666666666666,0.06666666666666667,0.03666666666666667,0.5497704961326434,0.8966666666666666
2,0.05,162,0.48,0.4766666666666667,0.043333333333333335,0.5767844898347103,0.48
2,0.05,163,0.8933333333333333,0.08,0.02666666666666667,0.5330426769251626,0.8933333333333333
2,0.05,164,0.03666666666666667,0.9233333333333333,0.04,0.5347699332009054,0.9233333333333333
2,0.05,165,0.9133333333333333,0.04,0.04666666666666667,0.5403014087465741,0.9133333333333333
2,0.05,166,0.75,0.22,0.03,0.5630211409588742,0.75
2,0.05,167,0.8633333333333333,0.09333333333333334,0.043333333333333335,0.5577039342636319,0.8633333333333333
2,0.05,168,0.04666666666666667,0.9066666666666666,0.04666666666666667,0.5444429275702283,0.9066666666666666
2,0.05,169,0.9133333333333333,0.06,0.02666666666666667,0.519699517165767,0.9133333333333333
2,0.05,170,0.7033333333333334,0.25333333333333335,0.043333333333333335,0.5399077768974384,0.7033333333333334
2,0.05,171,0.89,0.08,0.03,0.579233103612589,0.89
2,0.05,172,0.05,0.9066666666666666,0.043333333333333335,0.5440852589440869,0.9066666666666666
2,0.05,173,0.89,0.06666666666666667,0.043333333333333335,0.5448517728287109,0.89
2,0.05,174,0.48,0.5,0.02,0.5568930071108533,0.5
2,0.05,175,0.91,0.07333333333333333,0.016666666666666666,0.5621392562722226,0.91
2,0.05,176,0.043333333333333335,0.9133333333333333,0.043333333333333335,0.5669568892124673,0.9133333333333333
2,0.05,177,0.93,0.03666666666666667,0.03333333333333333,0.5774588371555608,0.93
2,0.05,178,0.08,0.8866666666666667,0.03333333333333333,0.5500103408077207,0.8866666666666667
2,0.05,179,0.8933333333333333,0.056666666666666664,0.05,0.5330491748519417,0.8933333333333333
2,0.05,180,0.06666666666666667,0.8966666666666666,0.03666666666666667,0.5329572960181074,0.8966666666666666
2,0.05,181,0.9066666666666666,0.06666666666666667,0.02666666666666667,0.5720447117332865,0.9066666666666666
2,0.05,182,0.06666666666666667,0.9133333333333333,0.02,0.5306160417103526,0.9133333333333333
2,0.05,183,0.8966666666666666,0.07333333333333333,0.03,0.531832188508381,0.8966666666666666
2,0.05,184,0.08666666666666667,0.8866666666666667,0.02666666666666667,0.5478437971088542,0.8866666666666667
2,0.05,185,0.9066666666666666,0.056666666666666664,0.03666666666666667,0.5694577882407055,0.9066666666666666
2,0.05,186,0.07666666666666666,0.8866666666666667,0.03666666666666667,0.573584944246505,0.8866666666666667
2,0.05,187,0.91,0.06,0.03,0.5657752483658393,0.91
2,0.05,188,0.06666666666666667,0.8933333333333333,0.04,0.5639501321143383,0.8933333333333333
2,0.05,189,0.8933333333333333,0.07666666666666666,0.03,0.5620081031091472,0.8933333333333333
2,0.05,190,0.09,0.88,0.03,0.5502668370433748,0.88
2,0.05,191,0.9066666666666666,0.056666666666666664,0.03666666666666667,0.5860149120811475,0.9066666666666666
2,0.05,192,0.07,0.9,0.03,0.5385978295251717,0.9
2,0.05,193,0.91,0.05333333333333334,0.03666666666666667,0.5724181622427175,0.91
2,0.05,194,0.06333333333333334,0.9033333333333333,0.03333333333333333,0.5382560653701893,0.9033333333333333
2,0.05,195,0.8966666666666666,0.07333333333333333,0.03,0.5477080595255277,0.8966666666666666
2,0.05,196,0.06333333333333334,0.91,0.02666666666666667,0.5208075130732894,0.91
2,0.05,197,0.9,0.06666666666666667,0.03333333333333333,0.5530854846507106,0.9
2,0.05,198,0.08666666666666667,0.8733333333333333,0.04,0.5308121795443654,0.8733333333333333
2,0.05,199,0.9133333333333333,0.05,0.03666666666666667,0.5328862085546203,0.9133333333333333
2,0.05,200,0.04666666666666667,0.91,0.043333333333333335,0.5184802503572494,0.91
2,0.05,201,0.8933333333333333,0.06333333333333334,0.043333333333333335,0.5691078591127645,0.8933333333333333
2,0.05,202,0.13,0.8433333333333334,0.02666666666666667,0.5772079494569992,0.8433333333333334
2,0.05,203,0.9366666666666666,0.03666666666666667,0.02666666666666667,0.5366194857818272,0.9366666666666666
2,0.05,204,0.06333333333333334,0.8966666666666666,0.04,0.5528277005245933,0.8966666666666666
2,0.05,205,0.8766666666666667,0.08,0.043333333333333335,0.5429088285027565,0.8766666666666667
2,0.05,206,0.07333333333333333,0.89,0.03666666666666667,0.5864466256848502,0.89
2,0.05,207,0.9066666666666666,0.04,0.05333333333333334,0.561343171726257,0.9066666666666666
2,0.05,208,0.06333333333333334,0.8933333333333333,0.043333333333333335,0.5295602394149388,0.8933333333333333
2,0.05,209,0.8933333333333333,0.07333333333333333,0.03333333333333333,0.5719072308539958,0.8933333333333333
2,0.05,210,0.07666666666666666,0.8933333333333333,0.03,0.5462883815713312,0.8933333333333333
2,0.05,211,0.8966666666666666,0.07666666666666666,0.02666666666666667,0.5643677180982218,0.8966666666666666
2,0.05,212,0.06,0.8933333333333333,0.04666666666666667,0.5501322812693821,0.8933333333333333
2,0.05,213,0.9033333333333333,0.06333333333333334,0.03333333333333333,0.563522295543023,0.9033333333333333
2,0.05,214,0.06666666666666667,0.8966666666666666,0.03666666666666667,0.5240418776124626,0.8966666666666666
2,0.05,215,0.8933333333333333,0.07,0.03666666666666667,0.550160711577843,0.8933333333333333
2,0.05,216,0.04666666666666667,0.9133333333333333,0.04,0.5428874157738645,0.9133333333333333
2,0.05,217,0.9166666666666666,0.04,0.043333333333333335,0.5617580517317775,0.9166666666666666
2,0.05,218,0.06666666666666667,0.9,0.03333333333333333,0.5732180061688241,0.9
2,0.05,219,0.89,0.06666666666666667,0.043333333333333335,0.5727867551576945,0.89
2,0.05,220,0.07,0.9033333333333333,0.02666666666666667,0.5630107752151529,0.9033333333333333
2,0.05,221,0.8833333333333333,0.07333333333333333,0.043333333333333335,0.5721414079684346,0.8833333333333333
2,0.05,222,0.07,0.8966666666666666,0.03333333333333333,0.5138717955174328,0.8966666666666666
2,0.05,223,0.9033333333333333,0.06,0.03666666666666667,0.5854843153080711,0.9033333333333333
2,0.05,224,0.07333333333333333,0.8833333333333333,0.043333333333333335,0.5847535766033314,0.8833333333333333
2,0.05,225,0.8933333333333333,0.07666666666666666,0.03,0.5457638339759382,0.8933333333333333
2,0.05,226,0.06666666666666667,0.8833333333333333,0.05,0.5665894326313812,0.8833333333333333
2,0.05,227,0.9,0.056666666666666664,0.043333333333333335,0.5446275495955856,0.9
2,0.05,228,0.07666666666666666,0.8866666666666667,0.03666666666666667,0.5497353859091711,0.8866666666666667
2,0.05,229,0.9033333333333333,0.04,0.056666666666666664,0.5178948977937863,0.9033333333333333
2,0.05,230,0.07,0.91,0.02,0.5458372757870487,0.91
2,0.05,231,0.8866666666666667,0.06666666666666667,0.04666666666666667,0.5414212261812708,0.8866666666666667
2,0.05,232,0.07333333333333333,0.89,0.03666666666666667,0.5293651826678349,0.89
2,0.05,233,0.8966666666666666,0.06333333333333334,0.04,0.5625607381860397,0.8966666666666666
2,0.05,234,0.056666666666666664,0.89,0.05333333333333334,0.5414011442480494,0.89
2,0.05,235,0.8866666666666667,0.07666666666666666,0.03666666666666667,0.5579269539005001,0.8866666666666667
2,0.05,236,0.09333333333333334,0.87,0.03666666666666667,0.5898366975933307,0.87
2,0.05,237,0.9166666666666666,0.06,0.023333333333333334,0.506762112547077,0.9166666666666666
2,0.05,238,0.05,0.93,0.02,0.5492907949430615,0.93
2,0.05,239,0.91,0.06666666666666667,0.023333333333333334,0.5703676954451481,0.91
2,0.05,240,0.30666666666666664,0.6733333333333333,0.02,0.552960224723267,0.6733333333333333
2,0.05,241,0.9033333333333333,0.06,0.03666666666666667,0.5297106040313203,0.9033333333333333
2,0.05,242,0.03666666666666667,0.9333333333333333,0.03,0.5279858675668903,0.9333333333333333
2,0.05,243,0.89,0.06333333333333334,0.04666666666666667,0.5712374245059816,0.89
2,0.05,244,0.7966666666666666,0.17666666666666667,0.02666666666666667,0.5646600365017247,0.7966666666666666
2,0.05,245,0.8966666666666666,0.08,0.023333333333333334,0.5090938116825582,0.8966666666666666
2,0.05,246,0.06333333333333334,0.8966666666666666,0.04,0.5756696119406911,0.8966666666666666
2,0.05,247,0.8566666666666667,0.12,0.023333333333333334,0.5539144569867651,0.8566666666666667
2,0.05,248,0.8166666666666667,0.15333333333333332,0.03,0.5211658435410446,0.8166666666666667
2,0.05,249,0.8866666666666667,0.09333333333333334,0.02,0.5130624429342585,0.8866666666666667
2,0.05,250,0.056666666666666664,0.8933333333333333,0.05,0.5317697733285708,0.8933333333333333
2,0.05,251,0.8966666666666666,0.08,0.023333333333333334,0.5575360614350514,0.8966666666666666
2,0.05,252,0.7966666666666666,0.16666666666666666,0.03666666666666667,0.5101252358823875,0.7966666666666666
2,0.05,253,0.88,0.08,0.04,0.5615752522613151,0.88
2,0.05,254,0.06333333333333334,0.8966666666666666,0.04,0.5242405980048344,0.8966666666666666
2,0.05,255,0.8533333333333334,0.11333333333333333,0.03333333333333333,0.578032234839654,0.8533333333333334
2,0.05,256,0.4166666666666667,0.5433333333333333,0.04,0.5448640887414428,0.5433333333333333
2,0.05,257,0.8966666666666666,0.07,0.03333333333333333,0.5593357384944763,0.8966666666666666
2,0.05,258,0.04,0.9133333333333333,0.04666666666666667,0.5807996203165322,0.9133333333333333
2,0.05,259,0.8866666666666667,0.06333333333333334,0.05,0.5089646303828897,0.8866666666666667
2,0.05,260,0.8233333333333334,0.13,0.04666666666666667,0.5551889718094213,0.8233333333333334
2,0.05,261,0.89,0.07666666666666666,0.03333333333333333,0.5778284825261327,0.89
2,0.05,262,0.05,0.92,0.03,0.5930310085072864,0.92
2,0.05,263,0.8666666666666667,0.08666666666666667,0.04666666666666667,0.5544602135396991,0.8666666666666667
2,0.05,264,0.83,0.15666666666666668,0.013333333333333334,0.5642047623145507,0.83
2,0.05,265,0.88,0.09333333333333334,0.02666666666666667,0.5076056695022702,0.88
2,0.05,266,0.03,0.9166666666666666,0.05333333333333334,0.5383408275027171,0.9166666666666666
2,0.05,267,0.88,0.07,0.05,0.5632798645687729,0.88
2,0.05,268,0.8933333333333333,0.07666666666666666,0.03,0.5542886347500021,0.8933333333333333
2,0.05,269,0.8766666666666667,0.07333333333333333,0.05,0.5604562223657811,0.8766666666666667
2,0.05,270,0.05333333333333334,0.93,0.016666666666666666,0.5095666060291297,0.93
2,0.05,271,0.33666666666666667,0.6133333333333333,0.05,0.5079510438299198,0.6133333333333333
2,0.05,272,0.8866666666666667,0.09,0.023333333333333334,0.54676970052928,0.8866666666666667
2,0.05,273,0.8933333333333333,0.07,0.03666666666666667,0.5273442230721244,0.8933333333333333
2,0.05,274,0.05,0.92,0.03,0.5470240760742877,0.92
2,0.05,275,0.85,0.12333333333333334,0.02666666666666667,0.5382253385972801,0.85
2,0.05,276,0.8766666666666667,0.09333333333333334,0.03,0.5733377053466147,0.8766666666666667
2,0.05,277,0.88,0.07666666666666666,0.043333333333333335,0.5832760378086825,0.88
2,0.05,278,0.02666666666666667,0.92,0.05333333333333334,0.5478387698074135,0.92
2,0.05,279,0.8933333333333333,0.08333333333333333,0.023333333333333334,0.5444286913304633,0.8933333333333333
2,0.05,280,0.88,0.09666666666666666,0.023333333333333334,0.5537761918794936,0.88
2,0.05,281,0.8766666666666667,0.08,0.043333333333333335,0.5496044940842943,0.8766666666666667
2,0.05,282,0.043333333333333335,0.9133333333333333,0.043333333333333335,0.5283243841465861,0.9133333333333333
2,0.05,283,0.9,0.07666666666666666,0.023333333333333334,0.5630523580131301,0.9
2,0.05,284,0.8633333333333333,0.11,0.02666666666666667,0.5495444570085273,0.8633333333333333
2,0.05,285,0.89,0.08,0.03,0.5462488960098911,0.89
2,0.05,286,0.03,0.9233333333333333,0.04666666666666667,0.5510969727991736,0.9233333333333333
2,0.05,287,0.8933333333333333,0.056666666666666664,0.05,0.5590519141182426,0.8933333333333333
2,0.05,288,0.8833333333333333,0.08666666666666667,0.03,0.5036411647031623,0.8833333333333333
2,0.05,289,0.8733333333333333,0.08666666666666667,0.04,0.5034784397237702,0.8733333333333333
2,0.05,290,0.05,0.91,0.04,0.5391667924326331,0.91
2,0.05,291,0.8933333333333333,0.06,0.04666666666666667,0.5766240790138549,0.8933333333333333
2,0.05,292,0.5566666666666666,0.4166666666666667,0.02666666666666667,0.5529268501716357,0.5566666666666666
2,0.05,293,0.89,0.07333333333333333,0.03666666666666667,0.5122845706748534,0.89
2,0.05,294,0.043333333333333335,0.9166666666666666,0.04,0.5710638200450487,0.9166666666666666
2,0.05,295,0.8966666666666666,0.06666666666666667,0.03666666666666667,0.5699337483464074,0.8966666666666666
2,0.05,296,0.8466666666666667,0.11666666666666667,0.03666666666666667,0.5463530550310057,0.8466666666666667
2,0.05,297,0.89,0.08,0.03,0.5207858213971612,0.89
2,0.05,298,0.043333333333333335,0.9133333333333333,0.043333333333333335,0.5553341532505729,0.9133333333333333
2,0.05,299,0.89,0.08,0.03,0.5396617192496647,0.89
2,0.05,300,0.88,0.08666666666666667,0.03333333333333333,0.578200093857339,0.88
2,0.05,301,0.87,0.09333333333333334,0.03666666666666667,0.5313850253866961,0.87
2,0.05,302,0.04666666666666667,0.9166666666666666,0.03666666666666667,0.534122022994471,0.9166666666666666
2,0.05,303,0.88,0.09,0.03,0.5739188447684522,0.88
2,0.05,304,0.8866666666666667,0.09666666666666666,0.016666666666666666,0.5642145872529539,0.8866666666666667
2,0.05,305,0.86,0.12333333333333334,0.016666666666666666,0.5484608232161173,0.86
2,0.05,306,0.056666666666666664,0.9033333333333333,0.04,0.5033997787017813,0.9033333333333333
2,0.05,307,0.87,0.09,0.04,0.5585101009701264,0.87
2,0.05,308,0.8733333333333333,0.09333333333333334,0.03333333333333333,0.5456401575919346,0.8733333333333333
2,0.05,309,0.7566666666666667,0.20333333333333334,0.04,0.5433560532464541,0.7566666666666667
2,0.05,310,0.06,0.9033333333333333,0.03666666666666667,0.5464680147618762,0.9033333333333333
2,0.05,311,0.8966666666666666,0.056666666666666664,0.04666666666666667,0.5695153126834489,0.8966666666666666
2,0.05,312,0.43666666666666665,0.5366666666666666,0.02666666666666667,0.5096125691606922,0.5366666666666666
2,0.05,313,0.83,0.14666666666666667,0.023333333333333334,0.5750465883311163,0.83
2,0.05,314,0.04666666666666667,0.91,0.043333333333333335,0.543900826378268,0.91
2,0.05,315,0.9033333333333333,0.04666666666666667,0.05,0.5750417775360841,0.9033333333333333
2,0.05,316,0.32666666666666666,0.6533333333333333,0.02,0.535689665391746,0.6533333333333333
2,0.05,317,0.88,0.09,0.03,0.5287101983993805,0.88
2,0.05,318,0.05,0.9,0.05,0.5463388613600412,0.9
2,0.05,319,0.9,0.06666666666666667,0.03333333333333333,0.5677169148591293,0.9
2,0.05,320,0.6666666666666666,0.30666666666666664,0.02666666666666667,0.5604752794361542,0.6666666666666666
2,0.05,321,0.8833333333333333,0.07333333333333333,0.043333333333333335,0.5301836067773918,0.8833333333333333
2,0.05,322,0.04666666666666667,0.91,0.043333333333333335,0.5393904082819339,0.91
2,0.05,323,0.89,0.06666666666666667,0.043333333333333335,0.5589993969152707,0.89
2,0.05,324,0.81,0.14666666666666667,0.043333333333333335,0.5659539783919496,0.81
2,0.05,325,0.8766666666666667,0.08333333333333333,0.04,0.5204948265010079,0.8766666666666667
2,0.05,326,0.05,0.92,0.03,0.5566368148162126,0.92
2,0.05,327,0.9033333333333333,0.08,0.016666666666666666,0.5530698809651899,0.9033333333333333
2,0.05,328,0.7766666666666666,0.17,0.05333333333333334,0.5605122213806296,0.7766666666666666
2,0.05,329,0.88,0.09,0.03,0.5319954852140014,0.88
2,0.05,330,0.043333333333333335,0.9,0.056666666666666664,0.5529844518469864,0.9
2,0.05,331,0.8933333333333333,0.06,0.04666666666666667,0.5263694233605234,0.8933333333333333
2,0.05,332,0.8,0.18,0.02,0.5603800169343898,0.8
2,0.05,333,0.8733333333333333,0.09333333333333334,0.03333333333333333,0.5226961426390089,0.8733333333333333
2,0.05,334,0.05333333333333334,0.91,0.03666666666666667,0.5390483509968023,0.91
2,0.05,335,0.8966666666666666,0.05333333333333334,0.05,0.572203462167904,0.8966666666666666
2,0.05,336,0.44,0.53,0.03,0.5882866784982395,0.53
2,0.05,337,0.8733333333333333,0.07666666666666666,0.05,0.5366689419983489,0.8733333333333333
2,0.05,338,0.056666666666666664,0.9066666666666666,0.03666666666666667,0.5390073554525829,0.9066666666666666
2,0.05,339,0.8933333333333333,0.07333333333333333,0.03333333333333333,0.5206599969489777,0.8933333333333333
2,0.05,340,0.5633333333333334,0.3933333333333333,0.043333333333333335,0.5247231793469906,0.5633333333333334
2,0.05,341,0.9,0.06666666666666667,0.03333333333333333,0.521351265858602,0.9
2,0.05,342,0.05333333333333334,0.9066666666666666,0.04,0.5589740593768617,0.9066666666666666
2,0.05,343,0.89,0.06333333333333334,0.04666666666666667,0.5648621820273408,0.89
2,0.05,344,0.17333333333333334,0.7933333333333333,0.03333333333333333,0.5415176740132401,0.7933333333333333
2,0.05,345,0.8933333333333333,0.06666666666666667,0.04,0.5654660758173967,0.8933333333333333
2,0.05,346,0.056666666666666664,0.9066666666666666,0.03666666666666667,0.5319028140563273,0.9066666666666666
2,0.05,347,0.9033333333333333,0.06666666666666667,0.03,0.5534158899502944,0.9033333333333333
2,0.05,348,0.11333333333333333,0.8566666666666667,0.03,0.559554444482131,0.8566666666666667
2,0.05,349,0.8966666666666666,0.06333333333333334,0.04,0.5341979263820688,0.8966666666666666
2,0.05,350,0.06666666666666667,0.8966666666666666,0.03666666666666667,0.5431397276355067,0.8966666666666666
2,0.05,351,0.9,0.05,0.05,0.5889264274555188,0.9
2,0.05,352,0.05,0.9266666666666666,0.023333333333333334,0.566521370639945,0.9266666666666666
2,0.05,353,0.9033333333333333,0.08,0.016666666666666666,0.5330366606776263,0.9033333333333333
2,0.05,354,0.10333333333333333,0.8633333333333333,0.03333333333333333,0.5390030075192662,0.8633333333333333
2,0.05,355,0.9066666666666666,0.06666666666666667,0.02666666666666667,0.5646170782991333,0.9066666666666666
2,0.05,356,0.06333333333333334,0.89,0.04666666666666667,0.5238850393915818,0.89
2,0.05,357,0.8966666666666666,0.06666666666666667,0.03666666666666667,0.5435152064562193,0.8966666666666666
2,0.05,358,0.06333333333333334,0.8933333333333333,0.043333333333333335,0.5411982449954242,0.8933333333333333
2,0.05,359,0.9066666666666666,0.06,0.03333333333333333,0.5437363470792,0.9066666666666666
2,0.05,360,0.11666666666666667,0.8466666666666667,0.03666666666666667,0.5486539190051999,0.8466666666666667
2,0.05,361,0.9,0.06666666666666667,0.03333333333333333,0.5765537196308038,0.9
2,0.05,362,0.07333333333333333,0.89,0.03666666666666667,0.5660440328864353,0.89
2,0.05,363,0.8933333333333333,0.06666666666666667,0.04,0.554744690346272,0.8933333333333333
2,0.05,364,0.06,0.9166666666666666,0.023333333333333334,0.5516115244290257,0.9166666666666666
2,0.05,365,0.9,0.06666666666666667,0.03333333333333333,0.5785404788207071,0.9
2,0.05,366,0.07666666666666666,0.9066666666666666,0.016666666666666666,0.5655038696225743,0.9066666666666666
2,0.05,367,0.8933333333333333,0.07,0.03666666666666667,0.5828404454890397,0.8933333333333333
2,0.05,368,0.07666666666666666,0.8966666666666666,0.02666666666666667,0.5473551462877012,0.8966666666666666
2,0.05,369,0.8966666666666666,0.056666666666666664,0.04666666666666667,0.542804288500885,0.8966666666666666
2,0.05,370,0.05333333333333334,0.9133333333333333,0.03333333333333333,0.5242378733715287,0.9133333333333333
2,0.05,371,0.8866666666666667,0.07666666666666666,0.03666666666666667,0.56261374117256,0.8866666666666667
2,0.05,372,0.16,0.8,0.04,0.5235736281106305,0.8
2,0.05,373,0.9033333333333333,0.06,0.03666666666666667,0.5570660004573206,0.9033333333333333
2,0.05,374,0.05,0.9066666666666666,0.043333333333333335,0.518879185832135,0.9066666666666666
2,0.05,375,0.8866666666666667,0.06,0.05333333333333334,0.5444264815932208,0.8866666666666667
2,0.05,376,0.14,0.8333333333333334,0.02666666666666667,0.5047446998901663,0.8333333333333334
2,0.05,377,0.9033333333333333,0.043333333333333335,0.05333333333333334,0.5663323132940189,0.9033333333333333
2,0.05,378,0.07333333333333333,0.9,0.02666666666666667,0.5939625416696971,0.9
2,0.05,379,0.69,0.28,0.03,0.526733134170284,0.69
2,0.05,380,0.07,0.89,0.04,0.5339047557941233,0.89
2,0.05,381,0.8933333333333333,0.05,0.056666666666666664,0.5506641559540199,0.8933333333333333
2,0.05,382,0.31,0.6366666666666667,0.05333333333333334,0.5710308795809733,0.6366666666666667
2,0.05,383,0.7233333333333334,0.23,0.04666666666666667,0.5559339650574845,0.7233333333333334
2,0.05,384,0.05333333333333334,0.9033333333333333,0.043333333333333335,0.5680682166769052,0.9033333333333333
2,0.05,385,0.91,0.04,0.05,0.5767879132326466,0.91
2,0.05,386,0.14333333333333334,0.8033333333333333,0.05333333333333334,0.5373397534972313,0.8033333333333333
2,0.05,387,0.8666666666666667,0.1,0.03333333333333333,0.5299579618392343,0.8666666666666667
2,0.05,388,0.06,0.9066666666666666,0.03333333333333333,0.5695876200006069,0.9066666666666666
2,0.05,389,0.8966666666666666,0.06,0.043333333333333335,0.5576869167814668,0.8966666666666666
2,0.05,390,0.3,0.6466666666666666,0.05333333333333334,0.5238604985286504,0.6466666666666666
2,0.05,391,0.8866666666666667,0.08666666666666667,0.02666666666666667,0.5342360549647294,0.8866666666666667
2,0.05,392,0.03333333333333333,0.92,0.04666666666666667,0.5174978533819442,0.92
2,0.05,393,0.9166666666666666,0.05,0.03333333333333333,0.5127975706070393,0.9166666666666666
2,0.05,394,0.88,0.08333333333333333,0.03666666666666667,0.5195159816269165,0.88
2,0.05,395,0.8866666666666667,0.08666666666666667,0.02666666666666667,0.5667801364542939,0.8866666666666667
2,0.05,396,0.04,0.93,0.03,0.5603959120383456,0.93
2,0.05,397,0.9066666666666666,0.06666666666666667,0.02666666666666667,0.5600238319876587,0.9066666666666666
2,0.05,398,0.8533333333333334,0.10333333333333333,0.043333333333333335,0.5551319485610655,0.8533333333333334
2,0.05,399,0.8733333333333333,0.09333333333333334,0.03333333333333333,0.5591549842261799,0.8733333333333333
2,0.05,400,0.043333333333333335,0.9066666666666666,0.05,0.5855143085408765,0.9066666666666666
2,0.05,401,0.89,0.08333333333333333,0.02666666666666667,0.5759334690472141,0.89
2,0.05,402,0.8833333333333333,0.08666666666666667,0.03,0.5395383481394417,0.8833333333333333
2,0.05,403,0.8866666666666667,0.09666666666666666,0.016666666666666666,0.5148445359853262,0.8866666666666667
2,0.05,404,0.05333333333333334,0.9033333333333333,0.043333333333333335,0.517418655305398,0.9033333333333333
2,0.05,405,0.8566666666666667,0.10333333333333333,0.04,0.5784009846017668,0.8566666666666667
2,0.05,406,0.87,0.09,0.04,0.5429507443419381,0.87
2,0.05,407,0.83,0.13,0.04,0.5415595097709145,0.83
2,0.05,408,0.04,0.9166666666666666,0.043333333333333335,0.555539996162067,0.9166666666666666
2,0.05,409,0.9,0.07666666666666666,0.023333333333333334,0.5221332302802899,0.9
2,0.05,410,0.8933333333333333,0.08,0.02666666666666667,0.5416825888771821,0.8933333333333333
2,0.05,411,0.87,0.08333333333333333,0.04666666666666667,0.5455406632996881,0.87
2,0.05,412,0.043333333333333335,0.91,0.04666666666666667,0.5500086933341967,0.91
2,0.05,413,0.89,0.08333333333333333,0.02666666666666667,0.5584892541967061,0.89
2,0.05,414,0.87,0.09,0.04,0.5676623789062297,0.87
2,0.05,415,0.8833333333333333,0.08333333333333333,0.03333333333333333,0.5584019027998157,0.8833333333333333
2,0.05,416,0.05,0.91,0.04,0.5655876132355473,0.91
2,0.05,417,0.86,0.10333333333333333,0.03666666666666667,0.5757086111919688,0.86
2,0.05,418,0.8433333333333334,0.12,0.03666666666666667,0.5517490238482522,0.8433333333333334
2,0.05,419,0.8733333333333333,0.08333333333333333,0.043333333333333335,0.5824681378820654,0.8733333333333333
2,0.05,420,0.05,0.91,0.04,0.5932088917649431,0.91
2,0.05,421,0.88,0.06333333333333334,0.056666666666666664,0.550052125741095,0.88
2,0.05,422,0.6433333333333333,0.32,0.03666666666666667,0.5451935384058421,0.6433333333333333
2,0.05,423,0.8766666666666667,0.09,0.03333333333333333,0.5262501970844423,0.8766666666666667
2,0.05,424,0.043333333333333335,0.9233333333333333,0.03333333333333333,0.5800032051741095,0.9233333333333333
2,0.05,425,0.8933333333333333,0.05,0.056666666666666664,0.5343687512532477,0.8933333333333333
2,0.05,426,0.8066666666666666,0.14333333333333334,0.05,0.5377258786641864,0.8066666666666666
2,0.05,427,0.87,0.09333333333333334,0.03666666666666667,0.5706611701501959,0.87
2,0.05,428,0.05333333333333334,0.91,0.03666666666666667,0.5334011129889211,0.91
2,0.05,429,0.8766666666666667,0.09,0.03333333333333333,0.5718334155460562,0.8766666666666667
2,0.05,430,0.6966666666666667,0.2833333333333333,0.02,0.5276306541157457,0.6966666666666667
2,0.05,431,0.8966666666666666,0.06,0.043333333333333335,0.5164988367163488,0.8966666666666666
2,0.05,432,0.04666666666666667,0.93,0.023333333333333334,0.5106175241438735,0.93
2,0.05,433,0.9033333333333333,0.06666666666666667,0.03,0.5684421586800689,0.9033333333333333
2,0.05,434,0.36333333333333334,0.5933333333333334,0.043333333333333335,0.5727093952140073,0.5933333333333334
2,0.05,435,0.9,0.06666666666666667,0.03333333333333333,0.5808222103060824,0.9
2,0.05,436,0.043333333333333335,0.9066666666666666,0.05,0.5412981006167793,0.9066666666666666
2,0.05,437,0.89,0.06,0.05,0.5738297246101393,0.89
2,0.05,438,0.37333333333333335,0.5833333333333334,0.043333333333333335,0.5254707134481968,0.5833333333333334
2,0.05,439,0.9033333333333333,0.06333333333333334,0.03333333333333333,0.5646853532411973,0.9033333333333333
2,0.05,440,0.056666666666666664,0.9,0.043333333333333335,0.5491623784280276,0.9
2,0.05,441,0.8866666666666667,0.08333333333333333,0.03,0.5728166736602653,0.8866666666666667
2,0.05,442,0.14666666666666667,0.8233333333333334,0.03,0.50334285966151,0.8233333333333334
2,0.05,443,0.9,0.05333333333333334,0.04666666666666667,0.5892645539726225,0.9
2,0.05,444,0.04666666666666667,0.9133333333333333,0.04,0.5802064915381231,0.9133333333333333
2,0.05,445,0.9033333333333333,0.056666666666666664,0.04,0.5466697169617457,0.9033333333333333
2,0.05,446,0.07,0.8966666666666666,0.03333333333333333,0.5709915197938652,0.8966666666666666
2,0.05,447,0.8833333333333333,0.09,0.02666666666666667,0.5205381823111958,0.8833333333333333
2,0.05,448,0.09666666666666666,0.87,0.03333333333333333,0.530607809451768,0.87
2,0.05,449,0.8966666666666666,0.06,0.043333333333333335,0.5497742720446472,0.8966666666666666
2,0.05,450,0.05,0.92,0.03,0.5943786616986535,0.92
2,0.05,451,0.91,0.05333333333333334,0.03666666666666667,0.588161944805973,0.91
2,0.05,452,0.05333333333333334,0.91,0.03666666666666667,0.5400840610892856,0.91
2,0.05,453,0.9033333333333333,0.07,0.02666666666666667,0.5439825563431929,0.9033333333333333
2,0.05,454,0.08333333333333333,0.8866666666666667,0.03,0.5283345097140427,0.8866666666666667
2,0.05,455,0.8966666666666666,0.056666666666666664,0.04666666666666667,0.5778108116767798,0.8966666666666666
2,0.05,456,0.07,0.8933333333333333,0.03666666666666667,0.5774267700398181,0.8933333333333333
2,0.05,457,0.8933333333333333,0.06333333333333334,0.043333333333333335,0.5062110044549227,0.8933333333333333
2,0.05,458,0.06,0.8866666666666667,0.05333333333333334,0.576014560301186,0.8866666666666667
2,0.05,459,0.8866666666666667,0.08,0.03333333333333333,0.5924553573433499,0.8866666666666667
2,0.05,460,0.22,0.73,0.05,0.5656224654528209,0.73
2,0.05,461,0.88,0.07333333333333333,0.04666666666666667,0.560393182380498,0.88
2,0.05,462,0.04666666666666667,0.9066666666666666,0.04666666666666667,0.5332510189421306,0.9066666666666666
2,0.05,463,0.8966666666666666,0.06,0.043333333333333335,0.5694699010737383,0.8966666666666666
2,0.05,464,0.24333333333333335,0.73,0.02666666666666667,0.5777421577397441,0.73
2,0.05,465,0.8933333333333333,0.06666666666666667,0.04,0.561181766617915,0.8933333333333333
2,0.05,466,0.056666666666666664,0.9033333333333333,0.04,0.5461376164487206,0.9033333333333333
2,0.05,467,0.91,0.05333333333333334,0.03666666666666667,0.5951029981507479,0.91
2,0.05,468,0.07,0.9033333333333333,0.02666666666666667,0.5303352047664321,0.9033333333333333
2,0.05,469,0.8966666666666666,0.08666666666666667,0.016666666666666666,0.5319617962293667,0.8966666666666666
2,0.05,470,0.07333333333333333,0.9033333333333333,0.023333333333333334,0.5849365151272048,0.9033333333333333
2,0.05,471,0.8833333333333333,0.07,0.04666666666666667,0.5584446777507704,0.8833333333333333
2,0.05,472,0.19,0.7833333333333333,0.02666666666666667,0.5881680738424305,0.7833333333333333
2,0.05,473,0.89,0.07333333333333333,0.03666666666666667,0.5817239404103314,0.89
2,0.05,474,0.056666666666666664,0.9033333333333333,0.04,0.5476632993516576,0.9033333333333333
2,0.05,475,0.91,0.05333333333333334,0.03666666666666667,0.5604901561157447,0.91
2,0.05,476,0.06666666666666667,0.8933333333333333,0.04,0.5492224159644863,0.8933333333333333
2,0.05,477,0.9033333333333333,0.07,0.02666666666666667,0.5815540095156263,0.9033333333333333
2,0.05,478,0.06,0.9066666666666666,0.03333333333333333,0.5700414414187711,0.9066666666666666
2,0.05,479,0.91,0.05,0.04,0.5702097615060919,0.91
2,0.05,480,0.06333333333333334,0.9166666666666666,0.02,0.5825322499014544,0.9166666666666666
2,0.05,481,0.87,0.1,0.03,0.5377762160827347,0.87
2,0.05,482,0.10666666666666667,0.86,0.03333333333333333,0.5241037257145096,0.86
2,0.05,483,0.9066666666666666,0.056666666666666664,0.03666666666666667,0.5378665586044777,0.9066666666666666
2,0.05,484,0.06,0.9,0.04,0.560031589638079,0.9
2,0.05,485,0.91,0.06666666666666667,0.023333333333333334,0.5382110016595313,0.91
2,0.05,486,0.14666666666666667,0.8166666666666667,0.03666666666666667,0.5484415576390335,0.8166666666666667
2,0.05,487,0.9,0.056666666666666664,0.043333333333333335,0.5813651656386385,0.9
2,0.05,488,0.043333333333333335,0.9066666666666666,0.05,0.5664890119408998,0.9066666666666666
2,0.05,489,0.9,0.06666666666666667,0.03333333333333333,0.5892365507835361,0.9
2,0.05,490,0.14333333333333334,0.8133333333333334,0.043333333333333335,0.5813146358750745,0.8133333333333334
2,0.05,491,0.9033333333333333,0.07333333333333333,0.023333333333333334,0.5736225525916588,0.9033333333333333
2,0.05,492,0.056666666666666664,0.9066666666666666,0.03666666666666667,0.535109824715877,0.9066666666666666
2,0.05,493,0.93,0.056666666666666664,0.013333333333333334,0.5090015968925947,0.93
2,0.05,494,0.19,0.78,0.03,0.5237192439250982,0.78
2,0.05,495,0.9166666666666666,0.056666666666666664,0.02666666666666667,0.5826129158986699,0.9166666666666666
2,0.05,496,0.043333333333333335,0.9133333333333333,0.043333333333333335,0.577588382229129,0.9133333333333333
2,0.05,497,0.9033333333333333,0.07666666666666666,0.02,0.5172218962925815,0.9033333333333333
2,0.05,498,0.7833333333333333,0.19333333333333333,0.023333333333333334,0.5122502256877152,0.7833333333333333
2,0.05,499,0.8933333333333333,0.06666666666666667,0.04,0.5383040897347217,0.8933333333333333
3,0.3,0,0.2966666666666667,0.36,0.3433333333333333,0.5735471711329018,0.36
3,0.3,1,0.34,0.3933333333333333,0.26666666666666666,0.5668343330578023,0.3933333333333333
3,0.3,2,0.36,0.32666666666666666,0.31333333333333335,0.586064172057678,0.36
3,0.3,3,0.7033333333333334,0.25333333333333335,0.043333333333333335,0.5557958056925476,0.7033333333333334
3,0.3,4,0.4,0.5666666666666667,0.03333333333333333,0.512785667714304,0.5666666666666667
3,0.3,5,0.5233333333333333,0.4033333333333333,0.07333333333333333,0.5613401110356022,0.5233333333333333
3,0.3,6,0.4666666666666667,0.48,0.05333333333333334,0.5565949698653628,0.48
3,0.3,7,0.6333333333333333,0.31333333333333335,0.05333333333333334,0.513216714231453,0.6333333333333333
3,0.3,8,0.42,0.51,0.07,0.5322783469481982,0.51
3,0.3,9,0.5266666666666666,0.37666666666666665,0.09666666666666666,0.5384955788323977,0.5266666666666666
3,0.3,10,0.5066666666666667,0.4266666666666667,0.06666666666666667,0.5586532983579378,0.5066666666666667
3,0.3,11,0.65,0.29333333333333333,0.056666666666666664,0.5188716370435049,0.65
3,0.3,12,0.43,0.5133333333333333,0.056666666666666664,0.5576625095509671,0.5133333333333333
3,0.3,13,0.4666666666666667,0.4633333333333333,0.07,0.5722482927937614,0.4666666666666667
3,0.3,14,0.51,0.45,0.04,0.5688277750941959,0.51
3,0.3,15,0.5933333333333334,0.3466666666666667,0.06,0.5830829360321679,0.5933333333333334
3,0.3,16,0.5066666666666667,0.41,0.08333333333333333,0.5743366549892771,0.5066666666666667
3,0.3,17,0.48,0.4533333333333333,0.06666666666666667,0.5411184270207451,0.48
3,0.3,18,0.49666666666666665,0.44333333333333336,0.06,0.5530046950139612,0.49666666666666665
3,0.3,19,0.58,0.36666666666666664,0.05333333333333334,0.5768439605800725,0.58
3,0.3,20,0.48,0.46,0.06,0.5526267134249542,0.48
3,0.3,21,0.47,0.47,0.06,0.547282665145775,0.47
3,0.3,22,0.51,0.43,0.06,0.5535907448929835,0.51
3,0.3,23,0.57,0.37333333333333335,0.056666666666666664,0.5418919579257506,0.57
3,0.3,24,0.51,0.43333333333333335,0.056666666666666664,0.5676494543421288,0.51
3,0.3,25,0.48,0.4633333333333333,0.056666666666666664,0.5066372997397739,0.48
3,0.3,26,0.4666666666666667,0.44666666666666666,0.08666666666666667,0.5636635805994774,0.4666666666666667
3,0.3,27,0.5466666666666666,0.37666666666666665,0.07666666666666666,0.5372214183841263,0.5466666666666666
3,0.3,28,0.5733333333333334,0.34,0.08666666666666667,0.5615778201527468,0.5733333333333334
3,0.3,29,0.44,0.5066666666666667,0.05333333333333334,0.5382981104319244,0.5066666666666667
3,0.3,30,0.54,0.41333333333333333,0.04666666666666667,0.5914711386305277,0.54
3,0.3,31,0.43666666666666665,0.49333333333333335,0.07,0.5144274057935379,0.49333333333333335
3,0.3,32,0.61,0.33,0.06,0.5748437175313762,0.61
3,0.3,33,0.5033333333333333,0.42,0.07666666666666666,0.5263421043151303,0.5033333333333333
3,0.3,34,0.43666666666666665,0.48333333333333334,0.08,0.5403398490462172,0.48333333333333334
3,0.3,35,0.44666666666666666,0.49,0.06333333333333334,0.5586863928617191,0.49
3,0.3,36,0.6366666666666667,0.31333333333333335,0.05,0.5529125425620378,0.6366666666666667
3,0.3,37,0.51,0.3933333333333333,0.09666666666666666,0.5513543975804782,0.51
3,0.3,38,0.47,0.45,0.08,0.5722520858331368,0.47
3,0.3,39,0.44333333333333336,0.49,0.06666666666666667,0.5880502938641392,0.49
3,0.3,40,0.5466666666666666,0.37333333333333335,0.08,0.5851712999706461,0.5466666666666666
3,0.3,41,0.5066666666666667,0.44333333333333336,0.05,0.5456269187189415,0.5066666666666667
3,0.3,42,0.5766666666666667,0.38,0.043333333333333335,0.5043881631640581,0.5766666666666667
3,0.3,43,0.48333333333333334,0.4666666666666667,0.05,0.5890711683614442,0.48333333333333334
3,0.3,44,0.5033333333333333,0.4166666666666667,0.08,0.5648748248027647,0.5033333333333333
3,0.3,45,0.4633333333333333,0.4666666666666667,0.07,0.5209471660981975,0.4666666666666667
3,0.3,46,0.6066666666666667,0.33666666666666667,0.056666666666666664,0.5306942485924456,0.6066666666666667
3,0.3,47,0.53,0.39666666666666667,0.07333333333333333,0.5324057470336993,0.53
3,0.3,48,0.48,0.45666666666666667,0.06333333333333334,0.567620553025107,0.48
3,0.3,49,0.4766666666666667,0.45666666666666667,0.06666666666666667,0.5865533134391123,0.4766666666666667
3,0.3,50,0.5266666666666666,0.4,0.07333333333333333,0.5825821332665839,0.5266666666666666
3,0.3,51,0.48,0.44333333333333336,0.07666666666666666,0.5219501722068277,0.48
3,0.3,52,0.5,0.44,0.06,0.5447640164432879,0.5
3,0.3,53,0.49,0.43333333333333335,0.07666666666666666,0.543541885193009,0.49
3,0.3,54,0.5266666666666666,0.37666666666666665,0.09666666666666666,0.5634542993959508,0.5266666666666666
3,0.3,55,0.47333333333333333,0.45,0.07666666666666666,0.5406892690545513,0.47333333333333333
3,0.3,56,0.5233333333333333,0.42,0.056666666666666664,0.5310126530059679,0.5233333333333333
3,0.3,57,0.47333333333333333,0.46,0.06666666666666667,0.5735964699965371,0.47333333333333333
3,0.3,58,0.54,0.42,0.04,0.5640646674977072,0.54
3,0.3,59,0.5,0.43666666666666665,0.06333333333333334,0.5595905783610263,0.5
3,0.3,60,0.5166666666666667,0.43,0.05333333333333334,0.5108167403724838,0.5166666666666667
3,0.3,61,0.51,0.4066666666666667,0.08333333333333333,0.558418584078978,0.51
3,0.3,62,0.5366666666666666,0.38,0.08333333333333333,0.5814556470284301,0.5366666666666666
3,0.3,63,0.44666666666666666,0.51,0.043333333333333335,0.547266728356309,0.51
3,0.3,64,0.56,0.4,0.04,0.5450872265775931,0.56
3,0.3,65,0.5333333333333333,0.4033333333333333,0.06333333333333334,0.5519220980818044,0.5333333333333333
3,0.3,66,0.5733333333333334,0.33,0.09666666666666666,0.577897064096427,0.5733333333333334
3,0.3,67,0.44,0.49,0.07,0.5674626972505967,0.49
3,0.3,68,0.5,0.44333333333333336,0.056666666666666664,0.5738372577823105,0.5
3,0.3,69,0.48,0.4533333333333333,0.06666666666666667,0.5231476138424944,0.48
3,0.3,70,0.63,0.2733333333333333,0.09666666666666666,0.566500577693244,0.63
3,0.3,71,0.3933333333333333,0.5533333333333333,0.05333333333333334,0.5740480581594786,0.5533333333333333
3,0.3,72,0.48333333333333334,0.45666666666666667,0.06,0.5629779976217997,0.48333333333333334
3,0.3,73,0.46,0.49333333333333335,0.04666666666666667,0.5331843437942521,0.49333333333333335
3,0.3,74,0.6833333333333333,0.25,0.06666666666666667,0.5134685045164976,0.6833333333333333
3,0.3,75,0.43333333333333335,0.5166666666666667,0.05,0.5130716647186847,0.5166666666666667
3,0.3,76,0.51,0.4166666666666667,0.07333333333333333,0.5418251344432404,0.51
3,0.3,77,0.42,0.5166666666666667,0.06333333333333334,0.5165325334716261,0.5166666666666667
3,0.3,78,0.6666666666666666,0.24333333333333335,0.09,0.5277553371591446,0.6666666666666666
3,0.3,79,0.39666666666666667,0.53,0.07333333333333333,0.5359695243502117,0.53
3,0.3,80,0.5566666666666666,0.38,0.06333333333333334,0.5184199973602592,0.5566666666666666
3,0.3,81,0.43333333333333335,0.52,0.04666666666666667,0.5689160408184215,0.52
3,0.3,82,0.62,0.29333333333333333,0.08666666666666667,0.5177860158442497,0.62
3,0.3,83,0.37666666666666665,0.56,0.06333333333333334,0.5309561868151111,0.56
3,0.3,84,0.6433333333333333,0.31,0.04666666666666667,0.5810186813551281,0.6433333333333333
3,0.3,85,0.44333333333333336,0.4866666666666667,0.07,0.5254604616831903,0.4866666666666667
3,0.3,86,0.65,0.3,0.05,0.5422768123731097,0.65
3,0.3,87,0.35333333333333333,0.58,0.06666666666666667,0.5232455690601628,0.58
3,0.3,88,0.5866666666666667,0.37666666666666665,0.03666666666666667,0.5853230793762177,0.5866666666666667
3,0.3,89,0.5433333333333333,0.39666666666666667,0.06,0.5502626856266284,0.5433333333333333
3,0.3,90,0.5866666666666667,0.34,0.07333333333333333,0.5240321451829428,0.5866666666666667
3,0.3,91,0.39,0.5566666666666666,0.05333333333333334,0.5379997834784758,0.5566666666666666
3,0.3,92,0.5633333333333334,0.36333333333333334,0.07333333333333333,0.5151268577553083,0.5633333333333334
3,0.3,93,0.53,0.38333333333333336,0.08666666666666667,0.5615571759586302,0.53
3,0.3,94,0.6066666666666667,0.33,0.06333333333333334,0.5490753502049044,0.6066666666666667
3,0.3,95,0.43333333333333335,0.5033333333333333,0.06333333333333334,0.5332599453287,0.5033333333333333
3,0.3,96,0.51,0.44666666666666666,0.043333333333333335,0.5205857314841408,0.51
3,0.3,97,0.55,0.38666666666666666,0.06333333333333334,0.5345339760060445,0.55
3,0.3,98,0.5966666666666667,0.32666666666666666,0.07666666666666666,0.5561056346655509,0.5966666666666667
3,0.3,99,0.42,0.5033333333333333,0.07666666666666666,0.5932999015515623,0.5033333333333333
3,0.3,100,0.44666666666666666,0.4766666666666667,0.07666666666666666,0.5113469346813938,0.4766666666666667
3,0.3,101,0.54,0.3933333333333333,0.06666666666666667,0.5486298416293395,0.54
3,0.3,102,0.6066666666666667,0.30666666666666664,0.08666666666666667,0.5219199554983958,0.6066666666666667
3,0.3,103,0.47,0.4633333333333333,0.06666666666666667,0.5667670789469927,0.47
3,0.3,104,0.49333333333333335,0.45,0.056666666666666664,0.5530167972885128,0.49333333333333335
3,0.3,105,0.5,0.43666666666666665,0.06333333333333334,0.5198633976783956,0.5
3,0.3,106,0.6066666666666667,0.31,0.08333333333333333,0.5218455167490618,0.6066666666666667
3,0.3,107,0.4633333333333333,0.49666666666666665,0.04,0.5645624542911778,0.49666666666666665
3,0.3,108,0.5366666666666666,0.39666666666666667,0.06666666666666667,0.5825149590641985,0.5366666666666666
3,0.3,109,0.44666666666666666,0.49666666666666665,0.056666666666666664,0.542322426049189,0.49666666666666665
3,0.3,110,0.5933333333333334,0.33,0.07666666666666666,0.5570482366186974,0.5933333333333334
3,0.3,111,0.43666666666666665,0.5,0.06333333333333334,0.5456686331786368,0.5
3,0.3,112,0.5033333333333333,0.43,0.06666666666666667,0.5681779827594321,0.5033333333333333
3,0.3,113,0.49666666666666665,0.41,0.09333333333333334,0.5670332700593744,0.49666666666666665
3,0.3,114,0.5366666666666666,0.3933333333333333,0.07,0.5624302972965851,0.5366666666666666
3,0.3,115,0.48,0.44666666666666666,0.07333333333333333,0.5396529837510317,0.48
3,0.3,116,0.5033333333333333,0.44,0.056666666666666664,0.562551581443712,0.5033333333333333
3,0.3,117,0.5233333333333333,0.43,0.04666666666666667,0.5308690296996168,0.5233333333333333
3,0.3,118,0.54,0.38,0.08,0.559219156394309,0.54
3,0.3,119,0.5233333333333333,0.42333333333333334,0.05333333333333334,0.5272435860197668,0.5233333333333333
3,0.3,120,0.53,0.37333333333333335,0.09666666666666666,0.5129834859010222,0.53
3,0.3,121,0.49,0.44333333333333336,0.06666666666666667,0.5602377202001566,0.49
3,0.3,122,0.52,0.41333333333333333,0.06666666666666667,0.554305136486139,0.52
3,0.3,123,0.5166666666666667,0.41333333333333333,0.07,0.5491990686662236,0.5166666666666667
3,0.3,124,0.5766666666666667,0.35,0.07333333333333333,0.5036097046305883,0.5766666666666667
3,0.3,125,0.5033333333333333,0.42,0.07666666666666666,0.5557083617137604,0.5033333333333333
3,0.3,126,0.5033333333333333,0.44333333333333336,0.05333333333333334,0.5463373454303087,0.5033333333333333
3,0.3,127,0.4866666666666667,0.44666666666666666,0.06666666666666667,0.553631294607326,0.4866666666666667
3,0.3,128,0.5133333333333333,0.44,0.04666666666666667,0.5315729804241712,0.5133333333333333
3,0.3,129,0.6,0.3433333333333333,0.056666666666666664,0.5836472560013279,0.6
3,0.3,130,0.48333333333333334,0.4666666666666667,0.05,0.5604741960905664,0.48333333333333334
3,0.3,131,0.55,0.37333333333333335,0.07666666666666666,0.561660984510769,0.55
3,0.3,132,0.37666666666666665,0.58,0.043333333333333335,0.5443680038896382,0.58
3,0.3,133,0.6366666666666667,0.30666666666666664,0.056666666666666664,0.5653285300404951,0.6366666666666667
3,0.3,134,0.4033333333333333,0.55,0.04666666666666667,0.5490188643229368,0.55
3,0.3,135,0.59,0.34,0.07,0.5300782072739472,0.59
3,0.3,136,0.43333333333333335,0.5033333333333333,0.06333333333333334,0.5393586901231724,0.5033333333333333
3,0.3,137,0.6133333333333333,0.2966666666666667,0.09,0.5323566510109742,0.6133333333333333
3,0.3,138,0.42,0.52,0.06,0.5370422821966881,0.52
3,0.3,139,0.5933333333333334,0.35,0.056666666666666664,0.5496531394096817,0.5933333333333334
3,0.3,140,0.38333333333333336,0.56,0.056666666666666664,0.5348458429855437,0.56
3,0.3,141,0.6733333333333333,0.2733333333333333,0.05333333333333334,0.5429267262837957,0.6733333333333333
3,0.3,142,0.4266666666666667,0.52,0.05333333333333334,0.5833499693325515,0.52
3,0.3,143,0.5466666666666666,0.37666666666666665,0.07666666666666666,0.5146204662416085,0.5466666666666666
3,0.3,144,0.3933333333333333,0.5266666666666666,0.08,0.5250459829799716,0.5266666666666666
3,0.3,145,0.5733333333333334,0.31666666666666665,0.11,0.522129204274225,0.5733333333333334
3,0.3,146,0.5166666666666667,0.4033333333333333,0.08,0.5270963647537548,0.5166666666666667
3,0.3,147,0.53,0.4066666666666667,0.06333333333333334,0.541585045438004,0.53
3,0.3,148,0.42,0.47,0.11,0.5676517740614537,0.47
3,0.3,149,0.5333333333333333,0.39666666666666667,0.07,0.5397941227306237,0.5333333333333333
3,0.3,150,0.51,0.42333333333333334,0.06666666666666667,0.5240614709395052,0.51
3,0.3,151,0.5333333333333333,0.4033333333333333,0.06333333333333334,0.5556118858682159,0.5333333333333333
3,0.3,152,0.47,0.47,0.06,0.5159982507698093,0.47
3,0.3,153,0.58,0.37,0.05,0.5593603899399278,0.58
3,0.3,154,0.47,0.4533333333333333,0.07666666666666666,0.5421969721932267,0.47
3,0.3,155,0.6033333333333334,0.31666666666666665,0.08,0.5719693955421792,0.6033333333333334
3,0.3,156,0.34,0.5966666666666667,0.06333333333333334,0.5408632634895105,0.5966666666666667
3,0.3,157,0.6533333333333333,0.27,0.07666666666666666,0.5901219027940126,0.6533333333333333
3,0.3,158,0.39666666666666667,0.54,0.06333333333333334,0.5558464012934857,0.54
3,0.3,159,0.6566666666666666,0.29,0.05333333333333334,0.5717067577681185,0.6566666666666666
3,0.3,160,0.25333333333333335,0.6933333333333334,0.05333333333333334,0.5330846373149518,0.6933333333333334
3,0.3,161,0.7633333333333333,0.19666666666666666,0.04,0.5338921414533073,0.7633333333333333
3,0.3,162,0.38333333333333336,0.5733333333333334,0.043333333333333335,0.5390821964526631,0.5733333333333334
3,0.3,163,0.69,0.25666666666666665,0.05333333333333334,0.5328032822037001,0.69
3,0.3,164,0.25333333333333335,0.68,0.06666666666666667,0.5395987916412267,0.68
3,0.3,165,0.6833333333333333,0.23333333333333334,0.08333333333333333,0.5247683487933522,0.6833333333333333
3,0.3,166,0.49666666666666665,0.45,0.05333333333333334,0.5330133624641227,0.49666666666666665
3,0.3,167,0.71,0.22666666666666666,0.06333333333333334,0.5849069870942614,0.71
3,0.3,168,0.23333333333333334,0.7166666666666667,0.05,0.5362694672884112,0.7166666666666667
3,0.3,169,0.69,0.24333333333333335,0.06666666666666667,0.5470000738522321,0.69
3,0.3,170,0.43,0.53,0.04,0.5493750416112296,0.53
3,0.3,171,0.7466666666666667,0.18666666666666668,0.06666666666666667,0.5582449129760855,0.7466666666666667
3,0.3,172,0.2,0.74,0.06,0.5548893640965133,0.74
3,0.3,173,0.7233333333333334,0.23333333333333334,0.043333333333333335,0.5432319551469946,0.7233333333333334
3,0.3,174,0.37,0.59,0.04,0.5403377412248445,0.59
3,0.3,175,0.7466666666666667,0.17333333333333334,0.08,0.582188911658531,0.7466666666666667
3,0.3,176,0.17,0.76,0.07,0.5710294607558652,0.76
3,0.3,177,0.69,0.25,0.06,0.5228992128559948,0.69
3,0.3,178,0.3933333333333333,0.5566666666666666,0.05,0.5298482117596476,0.5566666666666666
3,0.3,179,0.76,0.15666666666666668,0.08333333333333333,0.5679679281752885,0.76
3,0.3,180,0.20666666666666667,0.7133333333333334,0.08,0.5551321927790229,0.7133333333333334
3,0.3,181,0.65,0.2833333333333333,0.06666666666666667,0.5140327949425593,0.65
3,0.3,182,0.36666666666666664,0.5733333333333334,0.06,0.5485459446871666,0.5733333333333334
3,0.3,183,0.7533333333333333,0.18333333333333332,0.06333333333333334,0.5672153568468791,0.7533333333333333
3,0.3,184,0.20333333333333334,0.7333333333333333,0.06333333333333334,0.571855786938689,0.7333333333333333
3,0.3,185,0.6766666666666666,0.24333333333333335,0.08,0.5325460613998836,0.6766666666666666
3,0.3,186,0.3933333333333333,0.5566666666666666,0.05,0.5817183928381265,0.5566666666666666
3,0.3,187,0.7266666666666667,0.18333333333333332,0.09,0.5227619534557141,0.7266666666666667
3,0.3,188,0.2,0.7133333333333334,0.08666666666666667,0.5136598120427224,0.7133333333333334
3,0.3,189,0.71,0.24,0.05,0.5210019742327449,0.71
3,0.3,190,0.43333333333333335,0.5166666666666667,0.05,0.518732295796208,0.5166666666666667
3,0.3,191,0.7566666666666667,0.17333333333333334,0.07,0.5527726661870392,0.7566666666666667
3,0.3,192,0.16666666666666666,0.7633333333333333,0.07,0.5505371808116712,0.7633333333333333
3,0.3,193,0.7233333333333334,0.23333333333333334,0.043333333333333335,0.5426677219100458,0.7233333333333334
3,0.3,194,0.44666666666666666,0.51,0.043333333333333335,0.5880664094370238,0.51
3,0.3,195,0.7633333333333333,0.17,0.06666666666666667,0.5231142914867263,0.7633333333333333
3,0.3,196,0.20666666666666667,0.7033333333333334,0.09,0.583120286448805,0.7033333333333334
3,0.3,197,0.64,0.31333333333333335,0.04666666666666667,0.5630105466916191,0.64
3,0.3,198,0.42,0.5333333333333333,0.04666666666666667,0.5366651477676414,0.5333333333333333
3,0.3,199,0.73,0.19,0.08,0.5453805893190988,0.73
3,0.3,200,0.24666666666666667,0.69,0.06333333333333334,0.5291862988515686,0.69
3,0.3,201,0.6466666666666666,0.30333333333333334,0.05,0.5037218364168319,0.6466666666666666
3,0.3,202,0.4066666666666667,0.5533333333333333,0.04,0.5301417477655358,0.5533333333333333
3,0.3,203,0.77,0.16666666666666666,0.06333333333333334,0.5287369395518662,0.77
3,0.3,204,0.22,0.74,0.04,0.5611373035322634,0.74
3,0.3,205,0.6666666666666666,0.2733333333333333,0.06,0.5337183637048665,0.6666666666666666
3,0.3,206,0.32666666666666666,0.6066666666666667,0.06666666666666667,0.5510287690723032,0.6066666666666667
3,0.3,207,0.75,0.18666666666666668,0.06333333333333334,0.5512527734042663,0.75
3,0.3,208,0.24666666666666667,0.6866666666666666,0.06666666666666667,0.5535681012474934,0.6866666666666666
3,0.3,209,0.68,0.25333333333333335,0.06666666666666667,0.5815167237073896,0.68
3,0.3,210,0.25,0.6866666666666666,0.06333333333333334,0.5195536893582281,0.6866666666666666
3,0.3,211,0.7466666666666667,0.20333333333333334,0.05,0.5305349864485466,0.7466666666666667
3,0.3,212,0.33666666666666667,0.61,0.05333333333333334,0.555541412243744,0.61
3,0.3,213,0.7166666666666667,0.22666666666666666,0.056666666666666664,0.549467740865472,0.7166666666666667
3,0.3,214,0.2966666666666667,0.6333333333333333,0.07,0.5141396262224396,0.6333333333333333
3,0.3,215,0.6933333333333334,0.23,0.07666666666666666,0.5709008554668028,0.6933333333333334
3,0.3,216,0.21333333333333335,0.7266666666666667,0.06,0.5482837184655498,0.7266666666666667
3,0.3,217,0.7133333333333334,0.21666666666666667,0.07,0.5885654158928966,0.7133333333333334
3,0.3,218,0.31666666666666665,0.6433333333333333,0.04,0.5563945622676776,0.6433333333333333
3,0.3,219,0.7566666666666667,0.17333333333333334,0.07,0.5637291875976385,0.7566666666666667
3,0.3,220,0.19666666666666666,0.7566666666666667,0.04666666666666667,0.5189567878895907,0.7566666666666667
3,0.3,221,0.76,0.17666666666666667,0.06333333333333334,0.5530784556621018,0.76
3,0.3,222,0.30333333333333334,0.6466666666666666,0.05,0.5669250797932898,0.6466666666666666
3,0.3,223,0.7366666666666667,0.20333333333333334,0.06,0.5402314736759292,0.7366666666666667
3,0.3,224,0.2,0.72,0.08,0.5449088787675894,0.72
3,0.3,225,0.7533333333333333,0.19333333333333333,0.05333333333333334,0.5184178086660146,0.7533333333333333
3,0.3,226,0.36333333333333334,0.5833333333333334,0.05333333333333334,0.5493263489859777,0.5833333333333334
3,0.3,227,0.6966666666666667,0.24,0.06333333333333334,0.5798527845338677,0.6966666666666667
3,0.3,228,0.19333333333333333,0.71,0.09666666666666666,0.5593344575591974,0.71
3,0.3,229,0.7233333333333334,0.21333333333333335,0.06333333333333334,0.5582757843735529,0.7233333333333334
3,0.3,230,0.48333333333333334,0.47333333333333333,0.043333333333333335,0.5594077969699485,0.48333333333333334
3,0.3,231,0.6633333333333333,0.28,0.056666666666666664,0.5646145020261755,0.6633333333333333
3,0.3,232,0.22666666666666666,0.7233333333333334,0.05,0.5590732246599973,0.7233333333333334
3,0.3,233,0.7233333333333334,0.21,0.06666666666666667,0.5816419132161494,0.7233333333333334
3,0.3,234,0.4033333333333333,0.55,0.04666666666666667,0.5809541963949482,0.55
3,0.3,235,0.6466666666666666,0.2866666666666667,0.06666666666666667,0.5540786797421144,0.6466666666666666
3,0.3,236,0.27666666666666667,0.68,0.043333333333333335,0.5389177420233356,0.68
3,0.3,237,0.6966666666666667,0.21666666666666667,0.08666666666666667,0.5493116548674726,0.6966666666666667
3,0.3,238,0.4166666666666667,0.53,0.05333333333333334,0.5603276616013692,0.53
3,0.3,239,0.6133333333333333,0.3433333333333333,0.043333333333333335,0.5104733869761516,0.6133333333333333
3,0.3,240,0.33,0.63,0.04,0.5839647335373405,0.63
3,0.3,241,0.7066666666666667,0.23,0.06333333333333334,0.5344154090790364,0.7066666666666667
3,0.3,242,0.42,0.52,0.06,0.561877212669801,0.52
3,0.3,243,0.66,0.2966666666666667,0.043333333333333335,0.546703400047703,0.66
3,0.3,244,0.2833333333333333,0.6566666666666666,0.06,0.568638474188272,0.6566666666666666
3,0.3,245,0.6933333333333334,0.23666666666666666,0.07,0.5228117660368529,0.6933333333333334
3,0.3,246,0.3933333333333333,0.5533333333333333,0.05333333333333334,0.5331917413669809,0.5533333333333333
3,0.3,247,0.6666666666666666,0.28,0.05333333333333334,0.5127345476458671,0.6666666666666666
3,0.3,248,0.31666666666666665,0.6066666666666667,0.07666666666666666,0.5206337202584405,0.6066666666666667
3,0.3,249,0.7233333333333334,0.21,0.06666666666666667,0.5368242257964861,0.7233333333333334
3,0.3,250,0.32,0.6066666666666667,0.07333333333333333,0.5322834925516228,0.6066666666666667
3,0.3,251,0.6233333333333333,0.32,0.056666666666666664,0.5773069689138288,0.6233333333333333
3,0.3,252,0.33,0.5866666666666667,0.08333333333333333,0.5572919270362174,0.5866666666666667
3,0.3,253,0.69,0.24333333333333335,0.06666666666666667,0.5308244288950673,0.69
3,0.3,254,0.39666666666666667,0.5433333333333333,0.06,0.5682545982955378,0.5433333333333333
3,0.3,255,0.5766666666666667,0.3466666666666667,0.07666666666666666,0.5595194297921129,0.5766666666666667
3,0.3,256,0.39666666666666667,0.5333333333333333,0.07,0.5759296193322742,0.5333333333333333
3,0.3,257,0.6166666666666667,0.31666666666666665,0.06666666666666667,0.5644144846334026,0.6166666666666667
3,0.3,258,0.39666666666666667,0.5333333333333333,0.07,0.539427585590999,0.5333333333333333
3,0.3,259,0.6133333333333333,0.31333333333333335,0.07333333333333333,0.5572903343740332,0.6133333333333333
3,0.3,260,0.4,0.5166666666666667,0.08333333333333333,0.5512451200284949,0.5166666666666667
3,0.3,261,0.58,0.3566666666666667,0.06333333333333334,0.5431404587759808,0.58
3,0.3,262,0.39666666666666667,0.5433333333333333,0.06,0.5060145960822462,0.5433333333333333
3,0.3,263,0.6466666666666666,0.31333333333333335,0.04,0.5164054730790153,0.6466666666666666
3,0.3,264,0.42333333333333334,0.5,0.07666666666666666,0.5318153617591188,0.5
3,0.3,265,0.6133333333333333,0.2833333333333333,0.10333333333333333,0.5522880548803217,0.6133333333333333
3,0.3,266,0.41,0.5133333333333333,0.07666666666666666,0.5646101614105266,0.5133333333333333
3,0.3,267,0.55,0.38333333333333336,0.06666666666666667,0.5107509951373773,0.55
3,0.3,268,0.4633333333333333,0.47333333333333333,0.06333333333333334,0.5461901030562754,0.47333333333333333
3,0.3,269,0.6166666666666667,0.31666666666666665,0.06666666666666667,0.5212249141356863,0.6166666666666667
3,0.3,270,0.4666666666666667,0.46,0.07333333333333333,0.5475985005355761,0.4666666666666667
3,0.3,271,0.5333333333333333,0.38,0.08666666666666667,0.5305970987392429,0.5333333333333333
3,0.3,272,0.45666666666666667,0.45666666666666667,0.08666666666666667,0.5608025438670559,0.45666666666666667
3,0.3,273,0.59,0.3466666666666667,0.06333333333333334,0.5469672840368177,0.59
3,0.3,274,0.4766666666666667,0.45666666666666667,0.06666666666666667,0.5417960242957355,0.4766666666666667
3,0.3,275,0.5333333333333333,0.39,0.07666666666666666,0.5117251503132791,0.5333333333333333
3,0.3,276,0.5166666666666667,0.4533333333333333,0.03,0.5541034938986636,0.5166666666666667
3,0.3,277,0.53,0.37333333333333335,0.09666666666666666,0.5719229093201644,0.53
3,0.3,278,0.47,0.4633333333333333,0.06666666666666667,0.5168837296092798,0.47
3,0.3,279,0.47,0.4633333333333333,0.06666666666666667,0.5661141598237847,0.47
3,0.3,280,0.57,0.38,0.05,0.5819794608911362,0.57
3,0.3,281,0.55,0.38,0.07,0.5688631862458434,0.55
3,0.3,282,0.39666666666666667,0.53,0.07333333333333333,0.5769731889881418,0.53
3,0.3,283,0.48333333333333334,0.44333333333333336,0.07333333333333333,0.5742720561292384,0.48333333333333334
3,0.3,284,0.52,0.44,0.04,0.5379416582355128,0.52
3,0.3,285,0.5966666666666667,0.31333333333333335,0.09,0.5844971545325063,0.5966666666666667
3,0.3,286,0.43666666666666665,0.5,0.06333333333333334,0.5324229672069869,0.5
3,0.3,287,0.44333333333333336,0.5,0.056666666666666664,0.510718514734325,0.5
3,0.3,288,0.5433333333333333,0.38,0.07666666666666666,0.5882252519052141,0.5433333333333333
3,0.3,289,0.63,0.31,0.06,0.575469568945584,0.63
3,0.3,290,0.4,0.5233333333333333,0.07666666666666666,0.5397363968392132,0.5233333333333333
3,0.3,291,0.4666666666666667,0.47333333333333333,0.06,0.558027300054952,0.47333333333333333
3,0.3,292,0.5533333333333333,0.38333333333333336,0.06333333333333334,0.5683784544403073,0.5533333333333333
3,0.3,293,0.58,0.3233333333333333,0.09666666666666666,0.5374085911642161,0.58
3,0.3,294,0.4766666666666667,0.47333333333333333,0.05,0.512788083673695,0.4766666666666667
3,0.3,295,0.4633333333333333,0.49,0.04666666666666667,0.5348691892864138,0.49
3,0.3,296,0.5633333333333334,0.38333333333333336,0.05333333333333334,0.5456223485033627,0.5633333333333334
3,0.3,297,0.66,0.2733333333333333,0.06666666666666667,0.5693912085399802,0.66
3,0.3,298,0.38,0.5566666666666666,0.06333333333333334,0.5216999245448118,0.5566666666666666
3,0.3,299,0.47333333333333333,0.47333333333333333,0.05333333333333334,0.579875236037493,0.47333333333333333
3,0.3,300,0.5066666666666667,0.44,0.05333333333333334,0.575424878362488,0.5066666666666667
3,0.3,301,0.63,0.3,0.07,0.5872440214254654,0.63
3,0.3,302,0.45666666666666667,0.4766666666666667,0.06666666666666667,0.5037640526796914,0.4766666666666667
3,0.3,303,0.4866666666666667,0.42333333333333334,0.09,0.5508930356961435,0.4866666666666667
3,0.3,304,0.47,0.4866666666666667,0.043333333333333335,0.5536899797736682,0.4866666666666667
3,0.3,305,0.67,0.25,0.08,0.5710407195120469,0.67
3,0.3,306,0.4166666666666667,0.5166666666666667,0.06666666666666667,0.5266236345976321,0.5166666666666667
3,0.3,307,0.5366666666666666,0.4,0.06333333333333334,0.5107585064137928,0.5366666666666666
3,0.3,308,0.39666666666666667,0.5533333333333333,0.05,0.5275856506550558,0.5533333333333333
3,0.3,309,0.6566666666666666,0.2633333333333333,0.08,0.5405000585122953,0.6566666666666666
3,0.3,310,0.4533333333333333,0.4666666666666667,0.08,0.5645188839022497,0.4666666666666667
3,0.3,311,0.5233333333333333,0.4266666666666667,0.05,0.5494905250352043,0.5233333333333333
3,0.3,312,0.4533333333333333,0.49,0.056666666666666664,0.558008153770556,0.49
3,0.3,313,0.5966666666666667,0.33666666666666667,0.06666666666666667,0.5302905967757561,0.5966666666666667
3,0.3,314,0.4766666666666667,0.44,0.08333333333333333,0.5913567730372528,0.4766666666666667
3,0.3,315,0.56,0.38666666666666666,0.05333333333333334,0.5727251738395269,0.56
3,0.3,316,0.49,0.4533333333333333,0.056666666666666664,0.5496327981608402,0.49
3,0.3,317,0.4666666666666667,0.49,0.043333333333333335,0.5529962361653346,0.49
3,0.3,318,0.53,0.4266666666666667,0.043333333333333335,0.5908254463083861,0.53
3,0.3,319,0.5233333333333333,0.4066666666666667,0.07,0.5794475750707623,0.5233333333333333
3,0.3,320,0.48,0.4533333333333333,0.06666666666666667,0.5210012443409059,0.48
3,0.3,321,0.5366666666666666,0.39,0.07333333333333333,0.5293146957150887,0.5366666666666666
3,0.3,322,0.5066666666666667,0.44,0.05333333333333334,0.5707586136509302,0.5066666666666667
3,0.3,323,0.57,0.36,0.07,0.5453784959241678,0.57
3,0.3,324,0.49666666666666665,0.4633333333333333,0.04,0.5095508536031287,0.49666666666666665
3,0.3,325,0.44666666666666666,0.49333333333333335,0.06,0.5119413044409932,0.49333333333333335
3,0.3,326,0.5866666666666667,0.37333333333333335,0.04,0.5650609293652586,0.5866666666666667
3,0.3,327,0.5233333333333333,0.4166666666666667,0.06,0.5510649889086636,0.5233333333333333
3,0.3,328,0.5033333333333333,0.41333333333333333,0.08333333333333333,0.5461971802940901,0.5033333333333333
3,0.3,329,0.4266666666666667,0.51,0.06333333333333334,0.5536771292041958,0.51
3,0.3,330,0.5866666666666667,0.32,0.09333333333333334,0.5566395900357083,0.5866666666666667
3,0.3,331,0.5066666666666667,0.44,0.05333333333333334,0.5402101443609162,0.5066666666666667
3,0.3,332,0.5433333333333333,0.37666666666666665,0.08,0.5304863948225391,0.5433333333333333
3,0.3,333,0.4033333333333333,0.53,0.06666666666666667,0.5669880121675982,0.53
3,0.3,334,0.6233333333333333,0.30666666666666664,0.07,0.5434621364109249,0.6233333333333333
3,0.3,335,0.5066666666666667,0.4266666666666667,0.06666666666666667,0.5584010279739401,0.5066666666666667
3,0.3,336,0.5633333333333334,0.38,0.056666666666666664,0.5828294133705266,0.5633333333333334
3,0.3,337,0.44,0.5133333333333333,0.04666666666666667,0.539499310125053,0.5133333333333333
3,0.3,338,0.56,0.38,0.06,0.5415216083394971,0.56
3,0.3,339,0.49666666666666665,0.4066666666666667,0.09666666666666666,0.5607150571875398,0.49666666666666665
3,0.3,340,0.55,0.36666666666666664,0.08333333333333333,0.555215809613105,0.55
3,0.3,341,0.4266666666666667,0.5233333333333333,0.05,0.5377166800605901,0.5233333333333333
3,0.3,342,0.56,0.36666666666666664,0.07333333333333333,0.5494633853859603,0.56
3,0.3,343,0.49,0.43,0.08,0.5550267245747355,0.49
3,0.3,344,0.59,0.33,0.08,0.5646874958996494,0.59
3,0.3,345,0.37333333333333335,0.5666666666666667,0.06,0.5664104845972713,0.5666666666666667
3,0.3,346,0.5833333333333334,0.36,0.056666666666666664,0.5306793761853075,0.5833333333333334
3,0.3,347,0.52,0.4166666666666667,0.06333333333333334,0.531712046040175,0.52
3,0.3,348,0.63,0.31,0.06,0.5191550756216166,0.63
3,0.3,349,0.42,0.5066666666666667,0.07333333333333333,0.5472690551324697,0.5066666666666667
3,0.3,350,0.5833333333333334,0.36666666666666664,0.05,0.5530598579119944,0.5833333333333334
3,0.3,351,0.4866666666666667,0.44666666666666666,0.06666666666666667,0.5826068087137496,0.4866666666666667
3,0.3,352,0.5833333333333334,0.3566666666666667,0.06,0.5205862704111123,0.5833333333333334
3,0.3,353,0.44666666666666666,0.49666666666666665,0.056666666666666664,0.5535386412347801,0.49666666666666665
3,0.3,354,0.5733333333333334,0.36333333333333334,0.06333333333333334,0.5655104209049409,0.5733333333333334
3,0.3,355,0.43,0.49,0.08,0.5287709287556068,0.49
3,0.3,356,0.5433333333333333,0.38,0.07666666666666666,0.5330381235575758,0.5433333333333333
3,0.3,357,0.47333333333333333,0.45666666666666667,0.07,0.5155395284404282,0.47333333333333333
3,0.3,358,0.62,0.2966666666666667,0.08333333333333333,0.5562500141033915,0.62
3,0.3,359,0.42333333333333334,0.5133333333333333,0.06333333333333334,0.5224889958748612,0.5133333333333333
3,0.3,360,0.58,0.3433333333333333,0.07666666666666666,0.5208516552544615,0.58
3,0.3,361,0.4533333333333333,0.4633333333333333,0.08333333333333333,0.5399771603611925,0.4633333333333333
3,0.3,362,0.6166666666666667,0.30666666666666664,0.07666666666666666,0.533077934935863,0.6166666666666667
3,0.3,363,0.44333333333333336,0.48333333333333334,0.07333333333333333,0.564658508912774,0.48333333333333334
3,0.3,364,0.5066666666666667,0.44,0.05333333333333334,0.5524043281460834,0.5066666666666667
3,0.3,365,0.4866666666666667,0.4266666666666667,0.08666666666666667,0.5586089351623076,0.4866666666666667
3,0.3,366,0.5766666666666667,0.35,0.07333333333333333,0.5541254469645163,0.5766666666666667
3,0.3,367,0.48,0.44666666666666666,0.07333333333333333,0.5620760735403915,0.48
3,0.3,368,0.5133333333333333,0.44,0.04666666666666667,0.5665495089231363,0.5133333333333333
3,0.3,369,0.4866666666666667,0.47,0.043333333333333335,0.5638368355452472,0.4866666666666667
3,0.3,370,0.5933333333333334,0.3566666666666667,0.05,0.5086226562356239,0.5933333333333334
3,0.3,371,0.51,0.41333333333333333,0.07666666666666666,0.5193248097145886,0.51
3,0.3,372,0.5233333333333333,0.4066666666666667,0.07,0.5549402863083853,0.5233333333333333
3,0.3,373,0.44333333333333336,0.48333333333333334,0.07333333333333333,0.5369293116332446,0.48333333333333334
3,0.3,374,0.5466666666666666,0.37,0.08333333333333333,0.5464137983810861,0.5466666666666666
3,0.3,375,0.5566666666666666,0.37,0.07333333333333333,0.5905905892884846,0.5566666666666666
3,0.3,376,0.5033333333333333,0.43333333333333335,0.06333333333333334,0.5491254333619926,0.5033333333333333
3,0.3,377,0.5033333333333333,0.4266666666666667,0.07,0.5116961501042183,0.5033333333333333
3,0.3,378,0.4866666666666667,0.4633333333333333,0.05,0.5707451023283734,0.4866666666666667
3,0.3,379,0.5333333333333333,0.4033333333333333,0.06333333333333334,0.5510774685263677,0.5333333333333333
3,0.3,380,0.52,0.4033333333333333,0.07666666666666666,0.5499168435587551,0.52
3,0.3,381,0.5066666666666667,0.43,0.06333333333333334,0.5243506724287914,0.5066666666666667
3,0.3,382,0.5066666666666667,0.4266666666666667,0.06666666666666667,0.5222757750923634,0.5066666666666667
3,0.3,383,0.59,0.35,0.06,0.5638942120452742,0.59
3,0.3,384,0.5533333333333333,0.38333333333333336,0.06333333333333334,0.5242480792957508,0.5533333333333333
3,0.3,385,0.43333333333333335,0.5033333333333333,0.06333333333333334,0.5664998314330926,0.5033333333333333
3,0.3,386,0.48333333333333334,0.45,0.06666666666666667,0.5200302998313479,0.48333333333333334
3,0.3,387,0.59,0.35,0.06,0.5559710523549151,0.59
3,0.3,388,0.54,0.39666666666666667,0.06333333333333334,0.5324257680447856,0.54
3,0.3,389,0.48333333333333334,0.44333333333333336,0.07333333333333333,0.5503207602863388,0.48333333333333334
3,0.3,390,0.39666666666666667,0.5133333333333333,0.09,0.5602341328464621,0.5133333333333333
3,0.3,391,0.63,0.29333333333333333,0.07666666666666666,0.5242945390137311,0.63
3,0.3,392,0.5133333333333333,0.4033333333333333,0.08333333333333333,0.5648233243262203,0.5133333333333333
3,0.3,393,0.5033333333333333,0.43666666666666665,0.06,0.5448549644189941,0.5033333333333333
3,0.3,394,0.44,0.49666666666666665,0.06333333333333334,0.5555121931474648,0.49666666666666665
3,0.3,395,0.5666666666666667,0.37,0.06333333333333334,0.5532078786704105,0.5666666666666667
3,0.3,396,0.57,0.37333333333333335,0.056666666666666664,0.503853286842377,0.57
3,0.3,397,0.5,0.44666666666666666,0.05333333333333334,0.579687269289865,0.5
3,0.3,398,0.44,0.5033333333333333,0.056666666666666664,0.5367629317519628,0.5033333333333333
3,0.3,399,0.5733333333333334,0.3566666666666667,0.07,0.5315053997434938,0.5733333333333334
3,0.3,400,0.59,0.34,0.07,0.5672540732405968,0.59
3,0.3,401,0.4866666666666667,0.46,0.05333333333333334,0.5423221141731535,0.4866666666666667
3,0.3,402,0.42,0.5166666666666667,0.06333333333333334,0.5311435922113312,0.5166666666666667
3,0.3,403,0.5133333333333333,0.42333333333333334,0.06333333333333334,0.5272062819541552,0.5133333333333333
3,0.3,404,0.6466666666666666,0.3,0.05333333333333334,0.534560391251209,0.6466666666666666
3,0.3,405,0.56,0.38666666666666666,0.05333333333333334,0.5697390581653722,0.56
3,0.3,406,0.39,0.5333333333333333,0.07666666666666666,0.5426696411760783,0.5333333333333333
3,0.3,407,0.5566666666666666,0.4033333333333333,0.04,0.5689274565418426,0.5566666666666666
3,0.3,408,0.5566666666666666,0.37666666666666665,0.06666666666666667,0.5766542058198733,0.5566666666666666
3,0.3,409,0.5166666666666667,0.43666666666666665,0.04666666666666667,0.5428991321300254,0.5166666666666667
3,0.3,410,0.48,0.4266666666666667,0.09333333333333334,0.572815685667737,0.48
3,0.3,411,0.45666666666666667,0.4633333333333333,0.08,0.5294450629906019,0.4633333333333333
3,0.3,412,0.64,0.3,0.06,0.5539655056152293,0.64
3,0.3,413,0.44,0.49666666666666665,0.06333333333333334,0.5359231130087451,0.49666666666666665
3,0.3,414,0.48333333333333334,0.44666666666666666,0.07,0.5294153912974311,0.48333333333333334
3,0.3,415,0.48333333333333334,0.43,0.08666666666666667,0.5484350205297694,0.48333333333333334
3,0.3,416,0.6266666666666667,0.32666666666666666,0.04666666666666667,0.5080994019090944,0.6266666666666667
3,0.3,417,0.45,0.49666666666666665,0.05333333333333334,0.5628490525927498,0.49666666666666665
3,0.3,418,0.5,0.44,0.06,0.5709518676631313,0.5
3,0.3,419,0.4866666666666667,0.47333333333333333,0.04,0.5485583770062373,0.4866666666666667
3,0.3,420,0.5866666666666667,0.34,0.07333333333333333,0.5561588428862081,0.5866666666666667
3,0.3,421,0.4633333333333333,0.47,0.06666666666666667,0.5302248297318387,0.47
3,0.3,422,0.4766666666666667,0.45666666666666667,0.06666666666666667,0.543266778488321,0.4766666666666667
3,0.3,423,0.43,0.5,0.07,0.5202564645669665,0.5
3,0.3,424,0.66,0.26666666666666666,0.07333333333333333,0.5458557363559002,0.66
3,0.3,425,0.47,0.4633333333333333,0.06666666666666667,0.5370853611095076,0.47
3,0.3,426,0.5133333333333333,0.4266666666666667,0.06,0.5509297841405246,0.5133333333333333
3,0.3,427,0.4033333333333333,0.5533333333333333,0.043333333333333335,0.5444253098296048,0.5533333333333333
3,0.3,428,0.6133333333333333,0.3233333333333333,0.06333333333333334,0.5674808709807945,0.6133333333333333
3,0.3,429,0.43,0.5133333333333333,0.056666666666666664,0.5428583346756002,0.5133333333333333
3,0.3,430,0.6233333333333333,0.32,0.056666666666666664,0.5440951644834441,0.6233333333333333
3,0.3,431,0.37666666666666665,0.56,0.06333333333333334,0.5505477304317806,0.56
3,0.3,432,0.6033333333333334,0.3333333333333333,0.06333333333333334,0.558810697955833,0.6033333333333334
3,0.3,433,0.4033333333333333,0.5333333333333333,0.06333333333333334,0.5318511857614724,0.5333333333333333
3,0.3,434,0.6666666666666666,0.26666666666666666,0.06666666666666667,0.5469466200292384,0.6666666666666666
3,0.3,435,0.38333333333333336,0.56,0.056666666666666664,0.5634107322636385,0.56
3,0.3,436,0.5833333333333334,0.33666666666666667,0.08,0.578518663892119,0.5833333333333334
3,0.3,437,0.3933333333333333,0.53,0.07666666666666666,0.5691388415132881,0.53
3,0.3,438,0.6666666666666666,0.26,0.07333333333333333,0.5375840958298442,0.6666666666666666
3,0.3,439,0.3466666666666667,0.6066666666666667,0.04666666666666667,0.5701071180626123,0.6066666666666667
3,0.3,440,0.6366666666666667,0.3,0.06333333333333334,0.5600283122404064,0.6366666666666667
3,0.3,441,0.36666666666666664,0.5666666666666667,0.06666666666666667,0.5278002474085494,0.5666666666666667
3,0.3,442,0.66,0.26666666666666666,0.07333333333333333,0.5381861654685101,0.66
3,0.3,443,0.36,0.56,0.08,0.5304040763057398,0.56
3,0.3,444,0.6666666666666666,0.2833333333333333,0.05,0.5535713877747429,0.6666666666666666
3,0.3,445,0.3233333333333333,0.61,0.06666666666666667,0.5570722680981112,0.61
3,0.3,446,0.6533333333333333,0.30333333333333334,0.043333333333333335,0.5177977877833722,0.6533333333333333
3,0.3,447,0.41333333333333333,0.4866666666666667,0.1,0.5703083538828023,0.4866666666666667
3,0.3,448,0.6433333333333333,0.26666666666666666,0.09,0.5509507000241767,0.6433333333333333
3,0.3,449,0.36,0.58,0.06,0.5435066715931579,0.58
3,0.3,450,0.6166666666666667,0.2833333333333333,0.1,0.530030891880226,0.6166666666666667
3,0.3,451,0.34,0.6,0.06,0.5427597356001228,0.6
3,0.3,452,0.7066666666666667,0.22666666666666666,0.06666666666666667,0.5535506037081723,0.7066666666666667
3,0.3,453,0.38666666666666666,0.5333333333333333,0.08,0.5223920474524804,0.5333333333333333
3,0.3,454,0.5733333333333334,0.38666666666666666,0.04,0.5571292412575688,0.5733333333333334
3,0.3,455,0.37333333333333335,0.5633333333333334,0.06333333333333334,0.5453936797844025,0.5633333333333334
3,0.3,456,0.6766666666666666,0.23,0.09333333333333334,0.5754433424340987,0.6766666666666666
3,0.3,457,0.36333333333333334,0.57,0.06666666666666667,0.5241496023463745,0.57
3,0.3,458,0.58,0.35333333333333333,0.06666666666666667,0.5826453494331492,0.58
3,0.3,459,0.3466666666666667,0.5966666666666667,0.056666666666666664,0.5215619797965271,0.5966666666666667
3,0.3,460,0.6866666666666666,0.23333333333333334,0.08,0.5465478185653648,0.6866666666666666
3,0.3,461,0.44,0.5033333333333333,0.056666666666666664,0.5390554844654091,0.5033333333333333
3,0.3,462,0.5366666666666666,0.38333333333333336,0.08,0.5467023748675324,0.5366666666666666
3,0.3,463,0.37,0.5633333333333334,0.06666666666666667,0.5633407908595386,0.5633333333333334
3,0.3,464,0.6266666666666667,0.2866666666666667,0.08666666666666667,0.5246688203195187,0.6266666666666667
3,0.3,465,0.47333333333333333,0.45,0.07666666666666666,0.5365057742839596,0.47333333333333333
3,0.3,466,0.5933333333333334,0.35333333333333333,0.05333333333333334,0.5429410679640984,0.5933333333333334
3,0.3,467,0.4266666666666667,0.5066666666666667,0.06666666666666667,0.593827229649314,0.5066666666666667
3,0.3,468,0.6166666666666667,0.3233333333333333,0.06,0.5469162252349125,0.6166666666666667
3,0.3,469,0.44333333333333336,0.5033333333333333,0.05333333333333334,0.5307269110647103,0.5033333333333333
3,0.3,470,0.5766666666666667,0.3433333333333333,0.08,0.5576462747648334,0.5766666666666667
3,0.3,471,0.46,0.4766666666666667,0.06333333333333334,0.553300332665811,0.4766666666666667
3,0.3,472,0.63,0.2866666666666667,0.08333333333333333,0.5530149071494944,0.63
3,0.3,473,0.41333333333333333,0.52,0.06666666666666667,0.5296958256253063,0.52
3,0.3,474,0.52,0.41333333333333333,0.06666666666666667,0.5512170619975161,0.52
3,0.3,475,0.38,0.55,0.07,0.5530212223319204,0.55
3,0.3,476,0.6966666666666667,0.22333333333333333,0.08,0.5555194471931469,0.6966666666666667
3,0.3,477,0.37333333333333335,0.5566666666666666,0.07,0.5518376491902719,0.5566666666666666
3,0.3,478,0.6,0.3466666666666667,0.05333333333333334,0.5481710298590885,0.6
3,0.3,479,0.38,0.5766666666666667,0.043333333333333335,0.5169951382806719,0.5766666666666667
3,0.3,480,0.6766666666666666,0.2633333333333333,0.06,0.5346316213573336,0.6766666666666666
3,0.3,481,0.4666666666666667,0.46,0.07333333333333333,0.5890432231697922,0.4666666666666667
3,0.3,482,0.5966666666666667,0.3433333333333333,0.06,0.5449650245567639,0.5966666666666667
3,0.3,483,0.3933333333333333,0.5733333333333334,0.03333333333333333,0.5710608203996932,0.5733333333333334
3,0.3,484,0.6033333333333334,0.3433333333333333,0.05333333333333334,0.5447704668380602,0.6033333333333334
3,0.3,485,0.43666666666666665,0.49666666666666665,0.06666666666666667,0.5800694003816929,0.49666666666666665
3,0.3,486,0.6333333333333333,0.29333333333333333,0.07333333333333333,0.5194227455451469,0.6333333333333333
3,0.3,487,0.44333333333333336,0.49333333333333335,0.06333333333333334,0.5571339760160989,0.49333333333333335
3,0.3,488,0.5233333333333333,0.39,0.08666666666666667,0.5771289788485099,0.5233333333333333
3,0.3,489,0.47333333333333333,0.45,0.07666666666666666,0.5484540824886556,0.47333333333333333
3,0.3,490,0.5966666666666667,0.34,0.06333333333333334,0.5553595313054542,0.5966666666666667
3,0.3,491,0.41,0.53,0.06,0.5161888499887253,0.53
3,0.3,492,0.6066666666666667,0.3433333333333333,0.05,0.5494698945604497,0.6066666666666667
3,0.3,493,0.45,0.49333333333333335,0.056666666666666664,0.5697089202123319,0.49333333333333335
3,0.3,494,0.5666666666666667,0.38666666666666666,0.04666666666666667,0.5394867847443474,0.5666666666666667
3,0.3,495,0.4,0.5333333333333333,0.06666666666666667,0.5859831480026202,0.5333333333333333
3,0.3,496,0.6,0.32,0.08,0.5610564100607787,0.6
3,0.3,497,0.4,0.5333333333333333,0.06666666666666667,0.5458937074536273,0.5333333333333333
3,0.3,498,0.6266666666666667,0.32,0.05333333333333334,0.5459332104189266,0.6266666666666667
3,0.3,499,0.37333333333333335,0.57,0.056666666666666664,0.5548002882186261,0.57
4,0.45,0,0.3333333333333333,0.33,0.33666666666666667,0.5521777072544249,0.33666666666666667
4,0.45,1,0.37333333333333335,0.3233333333333333,0.30333333333333334,0.5585409869961705,0.37333333333333335
4,0.45,2,0.3233333333333333,0.32,0.3566666666666667,0.5448728080495948,0.3566666666666667
4,0.45,3,0.52,0.43333333333333335,0.04666666666666667,0.5109056301168257,0.52
4,0.45,4,0.4766666666666667,0.4533333333333333,0.07,0.5720619967832047,0.4766666666666667
4,0.45,5,0.54,0.39,0.07,0.5251723224180312,0.54
4,0.45,6,0.5566666666666666,0.3566666666666667,0.08666666666666667,0.5341852467973454,0.5566666666666666
4,0.45,7,0.4866666666666667,0.43333333333333335,0.08,0.5295736459165554,0.4866666666666667
4,0.45,8,0.5,0.41,0.09,0.5326697542122459,0.5
4,0.45,9,0.47333333333333333,0.45666666666666667,0.07,0.5808809791132297,0.47333333333333333
4,0.45,10,0.5633333333333334,0.37333333333333335,0.06333333333333334,0.5572523764131192,0.5633333333333334
4,0.45,11,0.52,0.4166666666666667,0.06333333333333334,0.5590155703534082,0.52
4,0.45,12,0.47333333333333333,0.45666666666666667,0.07,0.5774969269448917,0.47333333333333333
4,0.45,13,0.45666666666666667,0.4533333333333333,0.09,0.5563642522140799,0.45666666666666667
4,0.45,14,0.5733333333333334,0.33666666666666667,0.09,0.5863008401139979,0.5733333333333334
4,0.45,15,0.44333333333333336,0.5066666666666667,0.05,0.5737608887041044,0.5066666666666667
4,0.45,16,0.51,0.38666666666666666,0.10333333333333333,0.5111484922571246,0.51
4,0.45,17,0.42333333333333334,0.51,0.06666666666666667,0.5513683906727581,0.51
4,0.45,18,0.6066666666666667,0.3,0.09333333333333334,0.5355313973412337,0.6066666666666667
4,0.45,19,0.4666666666666667,0.46,0.07333333333333333,0.5800714060503879,0.4666666666666667
4,0.45,20,0.5233333333333333,0.4266666666666667,0.05,0.5381406808150513,0.5233333333333333
4,0.45,21,0.5033333333333333,0.42333333333333334,0.07333333333333333,0.5364854236622008,0.5033333333333333
4,0.45,22,0.5433333333333333,0.36666666666666664,0.09,0.547516728353127,0.5433333333333333
4,0.45,23,0.49,0.43666666666666665,0.07333333333333333,0.5453974330462847,0.49
4,0.45,24,0.5133333333333333,0.4,0.08666666666666667,0.5638498854783094,0.5133333333333333
4,0.45,25,0.44,0.4866666666666667,0.07333333333333333,0.5490213543752653,0.4866666666666667
4,0.45,26,0.52,0.38,0.1,0.5370053494710647,0.52
4,0.45,27,0.4633333333333333,0.43,0.10666666666666667,0.5524620540778865,0.4633333333333333
4,0.45,28,0.61,0.2966666666666667,0.09333333333333334,0.5452789367576492,0.61
4,0.45,29,0.4266666666666667,0.49,0.08333333333333333,0.5567229137573176,0.49
4,0.45,30,0.47333333333333333,0.45666666666666667,0.07,0.5493075110974786,0.47333333333333333
4,0.45,31,0.4266666666666667,0.5,0.07333333333333333,0.5874769359620532,0.5
4,0.45,32,0.5966666666666667,0.33666666666666667,0.06666666666666667,0.5341658582063434,0.5966666666666667
4,0.45,33,0.51,0.4,0.09,0.5828092291128815,0.51
4,0.45,34,0.41333333333333333,0.5233333333333333,0.06333333333333334,0.5684877237631805,0.5233333333333333
4,0.45,35,0.5066666666666667,0.38666666666666666,0.10666666666666667,0.5492689666254026,0.5066666666666667
4,0.45,36,0.5266666666666666,0.4033333333333333,0.07,0.525638434492026,0.5266666666666666
4,0.45,37,0.53,0.39,0.08,0.5319596221348138,0.53
4,0.45,38,0.4766666666666667,0.44333333333333336,0.08,0.5483648536333638,0.4766666666666667
4,0.45,39,0.4766666666666667,0.4266666666666667,0.09666666666666666,0.5536294585170338,0.4766666666666667
4,0.45,40,0.5166666666666667,0.39,0.09333333333333334,0.5404261865367707,0.5166666666666667
4,0.45,41,0.49666666666666665,0.42,0.08333333333333333,0.5516284592396945,0.49666666666666665
4,0.45,42,0.5166666666666667,0.41333333333333333,0.07,0.5411809606779869,0.5166666666666667
4,0.45,43,0.5033333333333333,0.4166666666666667,0.08,0.5587180707183504,0.5033333333333333
4,0.45,44,0.49333333333333335,0.41333333333333333,0.09333333333333334,0.5792276003498515,0.49333333333333335
4,0.45,45,0.43333333333333335,0.49,0.07666666666666666,0.5354112274646534,0.49
4,0.45,46,0.5766666666666667,0.3333333333333333,0.09,0.5488598745704654,0.5766666666666667
4,0.45,47,0.49666666666666665,0.4533333333333333,0.05,0.5448631279782895,0.49666666666666665
4,0.45,48,0.54,0.4066666666666667,0.05333333333333334,0.5508779890926359,0.54
4,0.45,49,0.5166666666666667,0.42333333333333334,0.06,0.5695584351449331,0.5166666666666667
4,0.45,50,0.46,0.49333333333333335,0.04666666666666667,0.5671497707226252,0.49333333333333335
4,0.45,51,0.5233333333333333,0.4033333333333333,0.07333333333333333,0.5592634179794888,0.5233333333333333
4,0.45,52,0.49,0.43666666666666665,0.07333333333333333,0.5615982802021633,0.49
4,0.45,53,0.52,0.41,0.07,0.5218899640864005,0.52
4,0.45,54,0.47333333333333333,0.43,0.09666666666666666,0.514736837687098,0.47333333333333333
4,0.45,55,0.5233333333333333,0.37666666666666665,0.1,0.5765465712155033,0.5233333333333333
4,0.45,56,0.45666666666666667,0.42333333333333334,0.12,0.5633921957308738,0.45666666666666667
4,0.45,57,0.5,0.4266666666666667,0.07333333333333333,0.5792989571093193,0.5
4,0.45,58,0.4866666666666667,0.4666666666666667,0.04666666666666667,0.5099879096433118,0.4866666666666667
4,0.45,59,0.5666666666666667,0.33,0.10333333333333333,0.5712379378396664,0.5666666666666667
4,0.45,60,0.41,0.5233333333333333,0.06666666666666667,0.5598420375444448,0.5233333333333333
4,0.45,61,0.49,0.45,0.06,0.5203168805015451,0.49
4,0.45,62,0.52,0.41333333333333333,0.06666666666666667,0.5627477730394196,0.52
4,0.45,63,0.5666666666666667,0.3466666666666667,0.08666666666666667,0.539837955918252,0.5666666666666667
4,0.45,64,0.47,0.45666666666666667,0.07333333333333333,0.5317834650532662,0.47
4,0.45,65,0.49666666666666665,0.43666666666666665,0.06666666666666667,0.5408477143571889,0.49666666666666665
4,0.45,66,0.4766666666666667,0.43333333333333335,0.09,0.5540868350781281,0.4766666666666667
4,0.45,67,0.5233333333333333,0.4033333333333333,0.07333333333333333,0.5324462874563881,0.5233333333333333
4,0.45,68,0.52,0.4166666666666667,0.06333333333333334,0.5864490002136146,0.52
4,0.45,69,0.49333333333333335,0.4266666666666667,0.08,0.5177503550665578,0.49333333333333335
4,0.45,70,0.47,0.43333333333333335,0.09666666666666666,0.5630516316080254,0.47
4,0.45,71,0.5533333333333333,0.37666666666666665,0.07,0.5328355203777917,0.5533333333333333
4,0.45,72,0.4766666666666667,0.44666666666666666,0.07666666666666666,0.5495324611695984,0.4766666666666667
4,0.45,73,0.53,0.37666666666666665,0.09333333333333334,0.5769759090647782,0.53
4,0.45,74,0.43,0.5,0.07,0.5293831277384684,0.5
4,0.45,75,0.5533333333333333,0.36666666666666664,0.08,0.5353816490713265,0.5533333333333333
4,0.45,76,0.4533333333333333,0.4633333333333333,0.08333333333333333,0.5252386895056944,0.4633333333333333
4,0.45,77,0.5866666666666667,0.3333333333333333,0.08,0.5760909658644069,0.5866666666666667
4,0.45,78,0.45666666666666667,0.47,0.07333333333333333,0.5155354852256487,0.47
4,0.45,79,0.5166666666666667,0.39666666666666667,0.08666666666666667,0.5647489434957017,0.5166666666666667
4,0.45,80,0.5066666666666667,0.44,0.05333333333333334,0.5354761984719247,0.5066666666666667
4,0.45,81,0.5566666666666666,0.38,0.06333333333333334,0.5832177971902551,0.5566666666666666
4,0.45,82,0.46,0.46,0.08,0.5458169279561396,0.46
4,0.45,83,0.5366666666666666,0.39,0.07333333333333333,0.5626125158506916,0.5366666666666666
4,0.45,84,0.4766666666666667,0.44666666666666666,0.07666666666666666,0.5824403061632921,0.4766666666666667
4,0.45,85,0.53,0.4,0.07,0.5475915605166856,0.53
4,0.45,86,0.4066666666666667,0.5233333333333333,0.07,0.5438234490534923,0.5233333333333333
4,0.45,87,0.6033333333333334,0.31333333333333335,0.08333333333333333,0.5524071649569587,0.6033333333333334
4,0.45,88,0.47,0.4533333333333333,0.07666666666666666,0.5921853075263376,0.47
4,0.45,89,0.5066666666666667,0.4066666666666667,0.08666666666666667,0.5779193348192367,0.5066666666666667
4,0.45,90,0.4266666666666667,0.49666666666666665,0.07666666666666666,0.5557019834924035,0.49666666666666665
4,0.45,91,0.5666666666666667,0.33666666666666667,0.09666666666666666,0.5138567725140081,0.5666666666666667
4,0.45,92,0.45666666666666667,0.46,0.08333333333333333,0.5401048595026218,0.46
4,0.45,93,0.5666666666666667,0.3466666666666667,0.08666666666666667,0.5492624556415394,0.5666666666666667
4,0.45,94,0.5333333333333333,0.41,0.056666666666666664,0.5602750587933009,0.5333333333333333
4,0.45,95,0.4866666666666667,0.44,0.07333333333333333,0.5252347210328178,0.4866666666666667
4,0.45,96,0.4766666666666667,0.46,0.06333333333333334,0.558051457254475,0.4766666666666667
4,0.45,97,0.52,0.39,0.09,0.5520253042067557,0.52
4,0.45,98,0.53,0.39,0.08,0.5418051094776422,0.53
4,0.45,99,0.4866666666666667,0.44,0.07333333333333333,0.5216831271043545,0.4866666666666667
4,0.45,100,0.4166666666666667,0.5133333333333333,0.07,0.5629320509309095,0.5133333333333333
4,0.45,101,0.5766666666666667,0.35,0.07333333333333333,0.571671406156173,0.5766666666666667
4,0.45,102,0.4666666666666667,0.44333333333333336,0.09,0.5410592718376235,0.4666666666666667
4,0.45,103,0.49666666666666665,0.41,0.09333333333333334,0.5802162473556245,0.49666666666666665
4,0.45,104,0.4666666666666667,0.46,0.07333333333333333,0.5323693036177111,0.4666666666666667
4,0.45,105,0.52,0.41,0.07,0.5245461537116057,0.52
4,0.45,106,0.52,0.4033333333333333,0.07666666666666666,0.5514913729456106,0.52
4,0.45,107,0.53,0.4033333333333333,0.06666666666666667,0.5616703359964798,0.53
4,0.45,108,0.47333333333333333,0.45666666666666667,0.07,0.5357320287095526,0.47333333333333333
4,0.45,109,0.49,0.41333333333333333,0.09666666666666666,0.5263956631752271,0.49
4,0.45,110,0.5133333333333333,0.42,0.06666666666666667,0.5330238338428993,0.5133333333333333
4,0.45,111,0.52,0.37666666666666665,0.10333333333333333,0.551465924285136,0.52
4,0.45,112,0.45,0.4533333333333333,0.09666666666666666,0.5482421890070173,0.4533333333333333
4,0.45,113,0.49666666666666665,0.4266666666666667,0.07666666666666666,0.5656447672239563,0.49666666666666665
4,0.45,114,0.5233333333333333,0.4066666666666667,0.07,0.5857547423045776,0.5233333333333333
4,0.45,115,0.5366666666666666,0.37,0.09333333333333334,0.5419680009300624,0.5366666666666666
4,0.45,116,0.4266666666666667,0.49666666666666665,0.07666666666666666,0.5553552238367009,0.49666666666666665
4,0.45,117,0.45666666666666667,0.4533333333333333,0.09,0.5292862024021232,0.45666666666666667
4,0.45,118,0.4666666666666667,0.4533333333333333,0.08,0.5265982382534804,0.4666666666666667
4,0.45,119,0.57,0.3433333333333333,0.08666666666666667,0.5737469991602702,0.57
4,0.45,120,0.4633333333333333,0.43666666666666665,0.1,0.5441235906435312,0.4633333333333333
4,0.45,121,0.4633333333333333,0.48,0.056666666666666664,0.5748919867647837,0.48
4,0.45,122,0.49,0.43666666666666665,0.07333333333333333,0.5599287858925641,0.49
4,0.45,123,0.51,0.4,0.09,0.5841941932691227,0.51
4,0.45,124,0.49,0.43666666666666665,0.07333333333333333,0.5395941105599722,0.49
4,0.45,125,0.49333333333333335,0.43,0.07666666666666666,0.5585351462433976,0.49333333333333335
4,0.45,126,0.5566666666666666,0.38,0.06333333333333334,0.5814187461727223,0.5566666666666666
4,0.45,127,0.4666666666666667,0.46,0.07333333333333333,0.5603785037998371,0.4666666666666667
4,0.45,128,0.5066666666666667,0.4166666666666667,0.07666666666666666,0.5035128205106774,0.5066666666666667
4,0.45,129,0.5366666666666666,0.39666666666666667,0.06666666666666667,0.5792768607284513,0.5366666666666666
4,0.45,130,0.54,0.39666666666666667,0.06333333333333334,0.5321604526125292,0.54
4,0.45,131,0.48,0.44666666666666666,0.07333333333333333,0.527017452754226,0.48
4,0.45,132,0.5033333333333333,0.42,0.07666666666666666,0.5645209968868095,0.5033333333333333
4,0.45,133,0.48333333333333334,0.42,0.09666666666666666,0.5262009783366206,0.48333333333333334
4,0.45,134,0.5766666666666667,0.3466666666666667,0.07666666666666666,0.5775463916459737,0.5766666666666667
4,0.45,135,0.4166666666666667,0.5266666666666666,0.056666666666666664,0.5440268481243344,0.5266666666666666
4,0.45,136,0.54,0.36333333333333334,0.09666666666666666,0.5590412750120559,0.54
4,0.45,137,0.45,0.48,0.07,0.590556833178198,0.48
4,0.45,138,0.57,0.35,0.08,0.5501190918196049,0.57
4,0.45,139,0.41,0.51,0.08,0.5596277775872005,0.51
4,0.45,140,0.59,0.34,0.07,0.5701657275608178,0.59
4,0.45,141,0.3933333333333333,0.5266666666666666,0.08,0.5808692768157548,0.5266666666666666
4,0.45,142,0.55,0.4,0.05,0.5135675688695244,0.55
4,0.45,143,0.49666666666666665,0.4166666666666667,0.08666666666666667,0.5240758383687047,0.49666666666666665
4,0.45,144,0.5366666666666666,0.39,0.07333333333333333,0.512142246507142,0.5366666666666666
4,0.45,145,0.4766666666666667,0.4533333333333333,0.07,0.5248816239073592,0.4766666666666667
4,0.45,146,0.5,0.43,0.07,0.5928726347969091,0.5
4,0.45,147,0.44333333333333336,0.4633333333333333,0.09333333333333334,0.5281587320847255,0.4633333333333333
4,0.45,148,0.5866666666666667,0.3333333333333333,0.08,0.5716450630616031,0.5866666666666667
4,0.45,149,0.44333333333333336,0.48,0.07666666666666666,0.5140637379507313,0.48
4,0.45,150,0.54,0.37333333333333335,0.08666666666666667,0.5881044101507312,0.54
4,0.45,151,0.43,0.5,0.07,0.5274603649487282,0.5
4,0.45,152,0.5933333333333334,0.33,0.07666666666666666,0.5286422592979831,0.5933333333333334
4,0.45,153,0.49333333333333335,0.43666666666666665,0.07,0.5222260231630549,0.49333333333333335
4,0.45,154,0.5433333333333333,0.3466666666666667,0.11,0.5720404218933134,0.5433333333333333
4,0.45,155,0.4166666666666667,0.49666666666666665,0.08666666666666667,0.5652530564004901,0.49666666666666665
4,0.45,156,0.46,0.4266666666666667,0.11333333333333333,0.5806001244739502,0.46
4,0.45,157,0.52,0.43,0.05,0.5917797103628556,0.52
4,0.45,158,0.58,0.37666666666666665,0.043333333333333335,0.5900660970735959,0.58
4,0.45,159,0.43,0.5066666666666667,0.06333333333333334,0.5452054857041964,0.5066666666666667
4,0.45,160,0.49333333333333335,0.41,0.09666666666666666,0.578554197325382,0.49333333333333335
4,0.45,161,0.48333333333333334,0.45666666666666667,0.06,0.5690859037364842,0.48333333333333334
4,0.45,162,0.5166666666666667,0.38666666666666666,0.09666666666666666,0.5579949849042547,0.5166666666666667
4,0.45,163,0.49333333333333335,0.42333333333333334,0.08333333333333333,0.5488478857879934,0.49333333333333335
4,0.45,164,0.5233333333333333,0.4166666666666667,0.06,0.5511698731918752,0.5233333333333333
4,0.45,165,0.49333333333333335,0.4533333333333333,0.05333333333333334,0.5762858103075206,0.49333333333333335
4,0.45,166,0.42333333333333334,0.49333333333333335,0.08333333333333333,0.5790459347996867,0.49333333333333335
4,0.45,167,0.49666666666666665,0.42333333333333334,0.08,0.5738348269679421,0.49666666666666665
4,0.45,168,0.5266666666666666,0.38333333333333336,0.09,0.5271848848597213,0.5266666666666666
4,0.45,169,0.5333333333333333,0.41,0.056666666666666664,0.5238236491195148,0.5333333333333333
4,0.45,170,0.4533333333333333,0.47333333333333333,0.07333333333333333,0.5654488502893712,0.47333333333333333
4,0.45,171,0.5466666666666666,0.37,0.08333333333333333,0.5495181543797241,0.5466666666666666
4,0.45,172,0.42333333333333334,0.51,0.06666666666666667,0.5539511390595402,0.51
4,0.45,173,0.57,0.38,0.05,0.5251514701755031,0.57
4,0.45,174,0.52,0.39,0.09,0.5851853621879712,0.52
4,0.45,175,0.56,0.37666666666666665,0.06333333333333334,0.5222927941881069,0.56
4,0.45,176,0.46,0.46,0.08,0.5416896695890574,0.46
4,0.45,177,0.5,0.42333333333333334,0.07666666666666666,0.5788962586986783,0.5
4,0.45,178,0.5166666666666667,0.4033333333333333,0.08,0.5464609924566842,0.5166666666666667
4,0.45,179,0.49333333333333335,0.4266666666666667,0.08,0.5547499805603713,0.49333333333333335
4,0.45,180,0.4533333333333333,0.49666666666666665,0.05,0.572465922481662,0.49666666666666665
4,0.45,181,0.5266666666666666,0.41333333333333333,0.06,0.5704546159621189,0.5266666666666666
4,0.45,182,0.44,0.4666666666666667,0.09333333333333334,0.5343003469777536,0.4666666666666667
4,0.45,183,0.56,0.37,0.07,0.5756996179565522,0.56
4,0.45,184,0.46,0.4633333333333333,0.07666666666666666,0.5639670109544273,0.4633333333333333
4,0.45,185,0.5233333333333333,0.4166666666666667,0.06,0.5706406603774512,0.5233333333333333
4,0.45,186,0.4266666666666667,0.49666666666666665,0.07666666666666666,0.5030174839985625,0.49666666666666665
4,0.45,187,0.58,0.3466666666666667,0.07333333333333333,0.5525555502836179,0.58
4,0.45,188,0.44666666666666666,0.45666666666666667,0.09666666666666666,0.5952702257380821,0.45666666666666667
4,0.45,189,0.49666666666666665,0.44,0.06333333333333334,0.5232134871863042,0.49666666666666665
4,0.45,190,0.5066666666666667,0.41333333333333333,0.08,0.5177669195182811,0.5066666666666667
4,0.45,191,0.5033333333333333,0.41333333333333333,0.08333333333333333,0.585761246994809,0.5033333333333333
4,0.45,192,0.49333333333333335,0.42333333333333334,0.08333333333333333,0.5612846087977552,0.49333333333333335
4,0.45,193,0.48,0.43,0.09,0.5349232088997434,0.48
4,0.45,194,0.3933333333333333,0.49666666666666665,0.11,0.5296630441266436,0.49666666666666665
4,0.45,195,0.55,0.38333333333333336,0.06666666666666667,0.5583686076237332,0.55
4,0.45,196,0.5833333333333334,0.35,0.06666666666666667,0.5749646854282382,0.5833333333333334
4,0.45,197,0.4633333333333333,0.44666666666666666,0.09,0.5450656932008531,0.4633333333333333
4,0.45,198,0.4266666666666667,0.49333333333333335,0.08,0.5398138850816754,0.49333333333333335
4,0.45,199,0.4766666666666667,0.43666666666666665,0.08666666666666667,0.5732601138467751,0.4766666666666667
4,0.45,200,0.6,0.34,0.06,0.563875073284064,0.6
4,0.45,201,0.5033333333333333,0.43333333333333335,0.06333333333333334,0.5533985957995902,0.5033333333333333
4,0.45,202,0.45666666666666667,0.4533333333333333,0.09,0.5771390028647019,0.45666666666666667
4,0.45,203,0.5266666666666666,0.41,0.06333333333333334,0.5825564583781756,0.5266666666666666
4,0.45,204,0.5366666666666666,0.37666666666666665,0.08666666666666667,0.5630384002182378,0.5366666666666666
4,0.45,205,0.49666666666666665,0.44666666666666666,0.056666666666666664,0.5582630497110914,0.49666666666666665
4,0.45,206,0.4266666666666667,0.5166666666666667,0.056666666666666664,0.5315867416985925,0.5166666666666667
4,0.45,207,0.54,0.3566666666666667,0.10333333333333333,0.559782907917424,0.54
4,0.45,208,0.4666666666666667,0.45666666666666667,0.07666666666666666,0.5502942461472766,0.4666666666666667
4,0.45,209,0.5533333333333333,0.35,0.09666666666666666,0.5486915030453898,0.5533333333333333
4,0.45,210,0.4,0.5133333333333333,0.08666666666666667,0.5419087297794103,0.5133333333333333
4,0.45,211,0.59,0.32666666666666666,0.08333333333333333,0.5357594389171824,0.59
4,0.45,212,0.5233333333333333,0.4033333333333333,0.07333333333333333,0.5329565897129153,0.5233333333333333
4,0.45,213,0.5633333333333334,0.37333333333333335,0.06333333333333334,0.54858321516889,0.5633333333333334
4,0.45,214,0.43666666666666665,0.4866666666666667,0.07666666666666666,0.5569296823027985,0.4866666666666667
4,0.45,215,0.5233333333333333,0.41,0.06666666666666667,0.5195670943920847,0.5233333333333333
4,0.45,216,0.48333333333333334,0.48,0.03666666666666667,0.5809688076588793,0.48333333333333334
4,0.45,217,0.55,0.37666666666666665,0.07333333333333333,0.5894486539137147,0.55
4,0.45,218,0.47333333333333333,0.45,0.07666666666666666,0.5719934125174334,0.47333333333333333
4,0.45,219,0.47333333333333333,0.4533333333333333,0.07333333333333333,0.5346715264385705,0.47333333333333333
4,0.45,220,0.5,0.44,0.06,0.5855382195418675,0.5
4,0.45,221,0.5066666666666667,0.4033333333333333,0.09,0.5590468667744127,0.5066666666666667
4,0.45,222,0.5,0.39666666666666667,0.10333333333333333,0.5772411072275873,0.5
4,0.45,223,0.49666666666666665,0.43666666666666665,0.06666666666666667,0.5407310428464064,0.49666666666666665
4,0.45,224,0.51,0.4266666666666667,0.06333333333333334,0.5269782811692744,0.51
4,0.45,225,0.4666666666666667,0.4633333333333333,0.07,0.5695208830817968,0.4666666666666667
4,0.45,226,0.5366666666666666,0.37333333333333335,0.09,0.5835274940353408,0.5366666666666666
4,0.45,227,0.48,0.43666666666666665,0.08333333333333333,0.5469711324533196,0.48
4,0.45,228,0.45,0.48333333333333334,0.06666666666666667,0.5258557227338962,0.48333333333333334
4,0.45,229,0.5166666666666667,0.4033333333333333,0.08,0.5277758588568082,0.5166666666666667
4,0.45,230,0.5233333333333333,0.38666666666666666,0.09,0.5226990961936895,0.5233333333333333
4,0.45,231,0.5666666666666667,0.3566666666666667,0.07666666666666666,0.5666296516214635,0.5666666666666667
4,0.45,232,0.45,0.47333333333333333,0.07666666666666666,0.5277120086070543,0.47333333333333333
4,0.45,233,0.47,0.43,0.1,0.5212677541439672,0.47
4,0.45,234,0.5,0.44,0.06,0.594418127832744,0.5
4,0.45,235,0.57,0.36,0.07,0.5756143124492432,0.57
4,0.45,236,0.4666666666666667,0.47333333333333333,0.06,0.5465072963382517,0.47333333333333333
4,0.45,237,0.49333333333333335,0.46,0.04666666666666667,0.55994750116786,0.49333333333333335
4,0.45,238,0.4866666666666667,0.43666666666666665,0.07666666666666666,0.5664773553275599,0.4866666666666667
4,0.45,239,0.5333333333333333,0.38666666666666666,0.08,0.5374653999128852,0.5333333333333333
4,0.45,240,0.5333333333333333,0.39,0.07666666666666666,0.5293391744444089,0.5333333333333333
4,0.45,241,0.5166666666666667,0.4266666666666667,0.056666666666666664,0.5480146919677267,0.5166666666666667
4,0.45,242,0.48333333333333334,0.43333333333333335,0.08333333333333333,0.5427568084539469,0.48333333333333334
4,0.45,243,0.5333333333333333,0.4,0.06666666666666667,0.5349565364607467,0.5333333333333333
4,0.45,244,0.46,0.43666666666666665,0.10333333333333333,0.5115605001066765,0.46
4,0.45,245,0.5,0.4166666666666667,0.08333333333333333,0.5771409132074194,0.5
4,0.45,246,0.49666666666666665,0.43333333333333335,0.07,0.5954352215079843,0.49666666666666665
4,0.45,247,0.5133333333333333,0.39666666666666667,0.09,0.5351569917830645,0.5133333333333333
4,0.45,248,0.5333333333333333,0.39666666666666667,0.07,0.5601413135253942,0.5333333333333333
4,0.45,249,0.45,0.4666666666666667,0.08333333333333333,0.5215371956271013,0.4666666666666667
4,0.45,250,0.5566666666666666,0.37,0.07333333333333333,0.5224801664970655,0.5566666666666666
4,0.45,251,0.4666666666666667,0.4533333333333333,0.08,0.5767842817828548,0.4666666666666667
4,0.45,252,0.5433333333333333,0.38333333333333336,0.07333333333333333,0.521862236362223,0.5433333333333333
4,0.45,253,0.49333333333333335,0.43333333333333335,0.07333333333333333,0.5270739562490158,0.49333333333333335
4,0.45,254,0.49333333333333335,0.43333333333333335,0.07333333333333333,0.5272180271553161,0.49333333333333335
4,0.45,255,0.5566666666666666,0.35,0.09333333333333334,0.5614963722272076,0.5566666666666666
4,0.45,256,0.44,0.47333333333333333,0.08666666666666667,0.5714096106122093,0.47333333333333333
4,0.45,257,0.5433333333333333,0.38333333333333336,0.07333333333333333,0.5248980071580617,0.5433333333333333
4,0.45,258,0.5333333333333333,0.4066666666666667,0.06,0.5263648435575364,0.5333333333333333
4,0.45,259,0.54,0.4033333333333333,0.056666666666666664,0.5584049625143801,0.54
4,0.45,260,0.44666666666666666,0.4666666666666667,0.08666666666666667,0.535078255089125,0.4666666666666667
4,0.45,261,0.54,0.38333333333333336,0.07666666666666666,0.5307669791566955,0.54
4,0.45,262,0.5166666666666667,0.38666666666666666,0.09666666666666666,0.5828787242162767,0.5166666666666667
4,0.45,263,0.5566666666666666,0.37,0.07333333333333333,0.5379023566038984,0.5566666666666666
4,0.45,264,0.43,0.49333333333333335,0.07666666666666666,0.5401851398062681,0.49333333333333335
4,0.45,265,0.5033333333333333,0.4166666666666667,0.08,0.5147064612965365,0.5033333333333333
4,0.45,266,0.55,0.35,0.1,0.5336132259496512,0.55
4,0.45,267,0.5333333333333333,0.35333333333333333,0.11333333333333333,0.5653908038707365,0.5333333333333333
4,0.45,268,0.39,0.5466666666666666,0.06333333333333334,0.5533843881658782,0.5466666666666666
4,0.45,269,0.54,0.39,0.07,0.5594673076198373,0.54
4,0.45,270,0.5033333333333333,0.4033333333333333,0.09333333333333334,0.5422400106412334,0.5033333333333333
4,0.45,271,0.53,0.39,0.08,0.5153165257244551,0.53
4,0.45,272,0.4633333333333333,0.4533333333333333,0.08333333333333333,0.5578774178394654,0.4633333333333333
4,0.45,273,0.5366666666666666,0.4066666666666667,0.056666666666666664,0.5762376505038534,0.5366666666666666
4,0.45,274,0.4633333333333333,0.47333333333333333,0.06333333333333334,0.5445674877265626,0.47333333333333333
4,0.45,275,0.5233333333333333,0.36,0.11666666666666667,0.5695226639723693,0.5233333333333333
4,0.45,276,0.5066666666666667,0.4166666666666667,0.07666666666666666,0.5606260538748913,0.5066666666666667
4,0.45,277,0.49,0.43333333333333335,0.07666666666666666,0.5426532284131226,0.49
4,0.45,278,0.47,0.47333333333333333,0.056666666666666664,0.5417925576137043,0.47333333333333333
4,0.45,279,0.5333333333333333,0.4033333333333333,0.06333333333333334,0.5813367234117409,0.5333333333333333
4,0.45,280,0.51,0.4166666666666667,0.07333333333333333,0.5519913112435482,0.51
4,0.45,281,0.5433333333333333,0.4,0.056666666666666664,0.5424649835435296,0.5433333333333333
4,0.45,282,0.45666666666666667,0.44666666666666666,0.09666666666666666,0.5261282218747939,0.45666666666666667
4,0.45,283,0.48333333333333334,0.42333333333333334,0.09333333333333334,0.5644486718675631,0.48333333333333334
4,0.45,284,0.5066666666666667,0.41333333333333333,0.08,0.5313017296441104,0.5066666666666667
4,0.45,285,0.5,0.41,0.09,0.5321334620582138,0.5
4,0.45,286,0.48,0.43,0.09,0.5538405968536204,0.48
4,0.45,287,0.5233333333333333,0.38333333333333336,0.09333333333333334,0.5502845996739926,0.5233333333333333
4,0.45,288,0.4533333333333333,0.47,0.07666666666666666,0.5565532598068222,0.47
4,0.45,289,0.5033333333333333,0.4066666666666667,0.09,0.5714162996390153,0.5033333333333333
4,0.45,290,0.4533333333333333,0.45666666666666667,0.09,0.5459281459236661,0.45666666666666667
4,0.45,291,0.59,0.35,0.06,0.5441330753110871,0.59
4,0.45,292,0.47333333333333333,0.4633333333333333,0.06333333333333334,0.546711308479946,0.47333333333333333
4,0.45,293,0.5,0.4166666666666667,0.08333333333333333,0.5386090690095783,0.5
4,0.45,294,0.5033333333333333,0.44666666666666666,0.05,0.5611391567673603,0.5033333333333333
4,0.45,295,0.5066666666666667,0.42,0.07333333333333333,0.5552386606979642,0.5066666666666667
4,0.45,296,0.5233333333333333,0.39,0.08666666666666667,0.5227322586426558,0.5233333333333333
4,0.45,297,0.47,0.4666666666666667,0.06333333333333334,0.556140462769479,0.47
4,0.45,298,0.5033333333333333,0.4066666666666667,0.09,0.5346137102464464,0.5033333333333333
4,0.45,299,0.5,0.41,0.09,0.5576892107841168,0.5
4,0.45,300,0.47333333333333333,0.45666666666666667,0.07,0.5622417544535518,0.47333333333333333
4,0.45,301,0.49333333333333335,0.44333333333333336,0.06333333333333334,0.5653964830712451,0.49333333333333335
4,0.45,302,0.5,0.41,0.09,0.5465062193012462,0.5
4,0.45,303,0.5066666666666667,0.4033333333333333,0.09,0.5226594844781258,0.5066666666666667
4,0.45,304,0.43666666666666665,0.49,0.07333333333333333,0.5528908177538178,0.49
4,0.45,305,0.6,0.3466666666666667,0.05333333333333334,0.5726290947048119,0.6
4,0.45,306,0.45666666666666667,0.4633333333333333,0.08,0.5590961336689331,0.4633333333333333
4,0.45,307,0.53,0.3933333333333333,0.07666666666666666,0.5343004365198762,0.53
4,0.45,308,0.4666666666666667,0.4766666666666667,0.056666666666666664,0.5668395197740087,0.4766666666666667
4,0.45,309,0.55,0.39666666666666667,0.05333333333333334,0.5642680704096025,0.55
4,0.45,310,0.44666666666666666,0.49666666666666665,0.056666666666666664,0.5360970892167293,0.49666666666666665
4,0.45,311,0.49333333333333335,0.4266666666666667,0.08,0.5576573180113538,0.49333333333333335
4,0.45,312,0.4766666666666667,0.43666666666666665,0.08666666666666667,0.5269141170204527,0.4766666666666667
4,0.45,313,0.5233333333333333,0.39666666666666667,0.08,0.5257030554668463,0.5233333333333333
4,0.45,314,0.4666666666666667,0.46,0.07333333333333333,0.5239806233437431,0.4666666666666667
4,0.45,315,0.5333333333333333,0.37666666666666665,0.09,0.5677822237600191,0.5333333333333333
4,0.45,316,0.48,0.43,0.09,0.5498679134057919,0.48
4,0.45,317,0.44333333333333336,0.47,0.08666666666666667,0.5619842413993532,0.47
4,0.45,318,0.49666666666666665,0.43333333333333335,0.07,0.5791682328209344,0.49666666666666665
4,0.45,319,0.52,0.4,0.08,0.5643179195881627,0.52
4,0.45,320,0.45,0.4633333333333333,0.08666666666666667,0.5579661150201262,0.4633333333333333
4,0.45,321,0.5466666666666666,0.38,0.07333333333333333,0.592679165909555,0.5466666666666666
4,0.45,322,0.45,0.48,0.07,0.5834244470216675,0.48
4,0.45,323,0.57,0.36,0.07,0.5152759807129595,0.57
4,0.45,324,0.48,0.4633333333333333,0.056666666666666664,0.5151448785839872,0.48
4,0.45,325,0.5366666666666666,0.36666666666666664,0.09666666666666666,0.5260977524522229,0.5366666666666666
4,0.45,326,0.4666666666666667,0.4666666666666667,0.06666666666666667,0.565077120572974,0.4666666666666667
4,0.45,327,0.5333333333333333,0.37333333333333335,0.09333333333333334,0.5469338251922687,0.5333333333333333
4,0.45,328,0.41,0.5266666666666666,0.06333333333333334,0.5667074696398244,0.5266666666666666
4,0.45,329,0.5066666666666667,0.3933333333333333,0.1,0.5429889516241094,0.5066666666666667
4,0.45,330,0.49,0.41333333333333333,0.09666666666666666,0.5590514964177894,0.49
4,0.45,331,0.54,0.39,0.07,0.5756630197309784,0.54
4,0.45,332,0.41333333333333333,0.5166666666666667,0.07,0.566131506200999,0.5166666666666667
4,0.45,333,0.49333333333333335,0.43666666666666665,0.07,0.5507207831361466,0.49333333333333335
4,0.45,334,0.5333333333333333,0.41333333333333333,0.05333333333333334,0.5223959211787044,0.5333333333333333
4,0.45,335,0.5733333333333334,0.33666666666666667,0.09,0.5509890041056108,0.5733333333333334
4,0.45,336,0.5,0.43,0.07,0.5404094059167281,0.5
4,0.45,337,0.44,0.48333333333333334,0.07666666666666666,0.5224668837742742,0.48333333333333334
4,0.45,338,0.5533333333333333,0.36333333333333334,0.08333333333333333,0.5541007479481347,0.5533333333333333
4,0.45,339,0.5266666666666666,0.3933333333333333,0.08,0.5548153246227888,0.5266666666666666
4,0.45,340,0.51,0.41333333333333333,0.07666666666666666,0.5356752318129497,0.51
4,0.45,341,0.4266666666666667,0.46,0.11333333333333333,0.5332656197087519,0.46
4,0.45,342,0.5366666666666666,0.37,0.09333333333333334,0.537690013074947,0.5366666666666666
4,0.45,343,0.53,0.37333333333333335,0.09666666666666666,0.5662439452712885,0.53
4,0.45,344,0.48,0.4666666666666667,0.05333333333333334,0.5440374990064717,0.48
4,0.45,345,0.46,0.45,0.09,0.5847741523700479,0.46
4,0.45,346,0.47,0.39666666666666667,0.13333333333333333,0.5652693717785401,0.47
4,0.45,347,0.5233333333333333,0.39666666666666667,0.08,0.5283063796242258,0.5233333333333333
4,0.45,348,0.48333333333333334,0.44666666666666666,0.07,0.5856398915020733,0.48333333333333334
4,0.45,349,0.45666666666666667,0.4666666666666667,0.07666666666666666,0.5234892100636465,0.4666666666666667
4,0.45,350,0.5666666666666667,0.35,0.08333333333333333,0.5401273144349807,0.5666666666666667
4,0.45,351,0.46,0.47333333333333333,0.06666666666666667,0.5638307015252075,0.47333333333333333
4,0.45,352,0.5233333333333333,0.37333333333333335,0.10333333333333333,0.5655537751613425,0.5233333333333333
4,0.45,353,0.42333333333333334,0.5,0.07666666666666666,0.5226629410761278,0.5
4,0.45,354,0.5766666666666667,0.36,0.06333333333333334,0.5397669786815061,0.5766666666666667
4,0.45,355,0.43333333333333335,0.5233333333333333,0.043333333333333335,0.566054456485729,0.5233333333333333
4,0.45,356,0.59,0.3,0.11,0.5494028135356267,0.59
4,0.45,357,0.37666666666666665,0.54,0.08333333333333333,0.5445074226881517,0.54
4,0.45,358,0.5333333333333333,0.38333333333333336,0.08333333333333333,0.5749784989992258,0.5333333333333333
4,0.45,359,0.43333333333333335,0.49333333333333335,0.07333333333333333,0.5815636445704655,0.49333333333333335
4,0.45,360,0.5966666666666667,0.32,0.08333333333333333,0.511050943753733,0.5966666666666667
4,0.45,361,0.4166666666666667,0.52,0.06333333333333334,0.5514874261960092,0.52
4,0.45,362,0.5433333333333333,0.36333333333333334,0.09333333333333334,0.5931401323792516,0.5433333333333333
4,0.45,363,0.41,0.51,0.08,0.5794559105380956,0.51
4,0.45,364,0.56,0.33,0.11,0.5319372045311519,0.56
4,0.45,365,0.45,0.4866666666666667,0.06333333333333334,0.5085917730496188,0.4866666666666667
4,0.45,366,0.6333333333333333,0.30333333333333334,0.06333333333333334,0.513056524534497,0.6333333333333333
4,0.45,367,0.4866666666666667,0.44333333333333336,0.07,0.5698825571023979,0.4866666666666667
4,0.45,368,0.48,0.42333333333333334,0.09666666666666666,0.5685832580101466,0.48
4,0.45,369,0.4533333333333333,0.4666666666666667,0.08,0.566529765551088,0.4666666666666667
4,0.45,370,0.55,0.38333333333333336,0.06666666666666667,0.522260624080684,0.55
4,0.45,371,0.6133333333333333,0.33,0.056666666666666664,0.5365359113527816,0.6133333333333333
4,0.45,372,0.47333333333333333,0.44,0.08666666666666667,0.5193339157644933,0.47333333333333333
4,0.45,373,0.43,0.5066666666666667,0.06333333333333334,0.5264164832108125,0.5066666666666667
4,0.45,374,0.5066666666666667,0.39,0.10333333333333333,0.5292344398298897,0.5066666666666667
4,0.45,375,0.5433333333333333,0.37333333333333335,0.08333333333333333,0.5410981574800952,0.5433333333333333
4,0.45,376,0.4666666666666667,0.44,0.09333333333333334,0.5560021678686097,0.4666666666666667
4,0.45,377,0.47,0.43333333333333335,0.09666666666666666,0.5299030855879726,0.47
4,0.45,378,0.49333333333333335,0.4066666666666667,0.1,0.5461184111843566,0.49333333333333335
4,0.45,379,0.5066666666666667,0.4033333333333333,0.09,0.5570290842854184,0.5066666666666667
4,0.45,380,0.5433333333333333,0.39,0.06666666666666667,0.5211484644041983,0.5433333333333333
4,0.45,381,0.4766666666666667,0.4166666666666667,0.10666666666666667,0.5775679872449405,0.4766666666666667
4,0.45,382,0.48,0.42333333333333334,0.09666666666666666,0.5474727448898856,0.48
4,0.45,383,0.4666666666666667,0.46,0.07333333333333333,0.5468708658619769,0.4666666666666667
4,0.45,384,0.5266666666666666,0.37666666666666665,0.09666666666666666,0.5648139805239019,0.5266666666666666
4,0.45,385,0.5033333333333333,0.41333333333333333,0.08333333333333333,0.5155912756526563,0.5033333333333333
4,0.45,386,0.5,0.4066666666666667,0.09333333333333334,0.5251704409997181,0.5
4,0.45,387,0.47333333333333333,0.44,0.08666666666666667,0.5766325840681433,0.47333333333333333
4,0.45,388,0.5766666666666667,0.3433333333333333,0.08,0.5556867495834056,0.5766666666666667
4,0.45,389,0.4533333333333333,0.4766666666666667,0.07,0.5204350213493948,0.4766666666666667
4,0.45,390,0.5266666666666666,0.38,0.09333333333333334,0.5322533470919772,0.5266666666666666
4,0.45,391,0.48,0.44333333333333336,0.07666666666666666,0.5588473564746879,0.48
4,0.45,392,0.49333333333333335,0.42,0.08666666666666667,0.5429058917989517,0.49333333333333335
4,0.45,393,0.5333333333333333,0.4,0.06666666666666667,0.5743316223299033,0.5333333333333333
4,0.45,394,0.4533333333333333,0.4666666666666667,0.08,0.5811111922051845,0.4666666666666667
4,0.45,395,0.47,0.4166666666666667,0.11333333333333333,0.5487938837313616,0.47
4,0.45,396,0.55,0.37666666666666665,0.07333333333333333,0.5660368579935177,0.55
4,0.45,397,0.49333333333333335,0.44333333333333336,0.06333333333333334,0.5267604739528747,0.49333333333333335
4,0.45,398,0.48333333333333334,0.45,0.06666666666666667,0.5322172812087204,0.48333333333333334
4,0.45,399,0.49,0.43,0.08,0.5716953384676683,0.49
4,0.45,400,0.5133333333333333,0.42,0.06666666666666667,0.5312179429119591,0.5133333333333333
4,0.45,401,0.4666666666666667,0.43,0.10333333333333333,0.5899425255655644,0.4666666666666667
4,0.45,402,0.4866666666666667,0.43666666666666665,0.07666666666666666,0.5235171340704259,0.4866666666666667
4,0.45,403,0.49333333333333335,0.42333333333333334,0.08333333333333333,0.5666312738845963,0.49333333333333335
4,0.45,404,0.51,0.39,0.1,0.5420793678225772,0.51
4,0.45,405,0.5066666666666667,0.38666666666666666,0.10666666666666667,0.5487760428733662,0.5066666666666667
4,0.45,406,0.5033333333333333,0.3933333333333333,0.10333333333333333,0.558231106882588,0.5033333333333333
4,0.45,407,0.4666666666666667,0.47333333333333333,0.06,0.5448309048549465,0.47333333333333333
4,0.45,408,0.4866666666666667,0.44,0.07333333333333333,0.5515137797789232,0.4866666666666667
4,0.45,409,0.49333333333333335,0.44,0.06666666666666667,0.5766250262117406,0.49333333333333335
4,0.45,410,0.5366666666666666,0.39666666666666667,0.06666666666666667,0.5326219786667465,0.5366666666666666
4,0.45,411,0.49333333333333335,0.42,0.08666666666666667,0.5359214735698777,0.49333333333333335
4,0.45,412,0.5433333333333333,0.3933333333333333,0.06333333333333334,0.576698493053849,0.5433333333333333
4,0.45,413,0.45,0.45,0.1,0.5490574320162458,0.45
4,0.45,414,0.49666666666666665,0.4166666666666667,0.08666666666666667,0.5042615600061968,0.49666666666666665
4,0.45,415,0.47,0.4266666666666667,0.10333333333333333,0.5405015030073902,0.47
4,0.45,416,0.59,0.3233333333333333,0.08666666666666667,0.5436353555681173,0.59
4,0.45,417,0.47333333333333333,0.43666666666666665,0.09,0.5559542860358646,0.47333333333333333
4,0.45,418,0.4666666666666667,0.4533333333333333,0.08,0.5308997889248535,0.4666666666666667
4,0.45,419,0.4166666666666667,0.5066666666666667,0.07666666666666666,0.5322125673389564,0.5066666666666667
4,0.45,420,0.62,0.30666666666666664,0.07333333333333333,0.5433789769097137,0.62
4,0.45,421,0.47333333333333333,0.44333333333333336,0.08333333333333333,0.503951733792718,0.47333333333333333
4,0.45,422,0.49333333333333335,0.42333333333333334,0.08333333333333333,0.5424581643264322,0.49333333333333335
4,0.45,423,0.41,0.49333333333333335,0.09666666666666666,0.5113606546715105,0.49333333333333335
4,0.45,424,0.5566666666666666,0.3433333333333333,0.1,0.5734066902397117,0.5566666666666666
4,0.45,425,0.4766666666666667,0.43666666666666665,0.08666666666666667,0.5713744544100359,0.4766666666666667
4,0.45,426,0.5566666666666666,0.34,0.10333333333333333,0.56239210372609,0.5566666666666666
4,0.45,427,0.41333333333333333,0.5033333333333333,0.08333333333333333,0.5545903234464585,0.5033333333333333
4,0.45,428,0.54,0.37666666666666665,0.08333333333333333,0.5217389485753571,0.54
4,0.45,429,0.49666666666666665,0.3933333333333333,0.11,0.5287406728936141,0.49666666666666665
4,0.45,430,0.59,0.3433333333333333,0.06666666666666667,0.5262878572041054,0.59
4,0.45,431,0.43666666666666665,0.47,0.09333333333333334,0.5670709807320107,0.47
4,0.45,432,0.6,0.33666666666666667,0.06333333333333334,0.5392715821250761,0.6
4,0.45,433,0.38,0.5333333333333333,0.08666666666666667,0.5290559043319263,0.5333333333333333
4,0.45,434,0.5933333333333334,0.3233333333333333,0.08333333333333333,0.526692731830715,0.5933333333333334
4,0.45,435,0.44,0.4666666666666667,0.09333333333333334,0.5681945016349575,0.4666666666666667
4,0.45,436,0.5633333333333334,0.3433333333333333,0.09333333333333334,0.5538548551820187,0.5633333333333334
4,0.45,437,0.4633333333333333,0.47,0.06666666666666667,0.5357767773719218,0.47
4,0.45,438,0.5466666666666666,0.37,0.08333333333333333,0.5543295431000674,0.5466666666666666
4,0.45,439,0.44333333333333336,0.5,0.056666666666666664,0.5582632249800455,0.5
4,0.45,440,0.54,0.38333333333333336,0.07666666666666666,0.5484023116327724,0.54
4,0.45,441,0.44666666666666666,0.49666666666666665,0.056666666666666664,0.5866637770381805,0.49666666666666665
4,0.45,442,0.5666666666666667,0.37666666666666665,0.056666666666666664,0.5389916982735163,0.5666666666666667
4,0.45,443,0.4533333333333333,0.49,0.056666666666666664,0.5714268319143531,0.49
4,0.45,444,0.5466666666666666,0.38666666666666666,0.06666666666666667,0.5442074576049036,0.5466666666666666
4,0.45,445,0.43333333333333335,0.48,0.08666666666666667,0.5308210032147637,0.48
4,0.45,446,0.5266666666666666,0.4066666666666667,0.06666666666666667,0.5112539603428374,0.5266666666666666
4,0.45,447,0.49666666666666665,0.41,0.09333333333333334,0.5117749899403141,0.49666666666666665
4,0.45,448,0.5233333333333333,0.38333333333333336,0.09333333333333334,0.5301124766597838,0.5233333333333333
4,0.45,449,0.46,0.46,0.08,0.5308267598044532,0.46
4,0.45,450,0.5566666666666666,0.36,0.08333333333333333,0.573803144545699,0.5566666666666666
4,0.45,451,0.5266666666666666,0.42,0.05333333333333334,0.5592371754252919,0.5266666666666666
4,0.45,452,0.47,0.44,0.09,0.5481961236038837,0.47
4,0.45,453,0.42333333333333334,0.4866666666666667,0.09,0.5429479711063538,0.4866666666666667
4,0.45,454,0.5533333333333333,0.36666666666666664,0.08,0.5836646601652995,0.5533333333333333
4,0.45,455,0.51,0.39,0.1,0.5347424094091209,0.51
4,0.45,456,0.5133333333333333,0.43,0.056666666666666664,0.5467401046255869,0.5133333333333333
4,0.45,457,0.47,0.45666666666666667,0.07333333333333333,0.5614158348475393,0.47
4,0.45,458,0.5233333333333333,0.42,0.056666666666666664,0.5202618730062842,0.5233333333333333
4,0.45,459,0.57,0.38,0.05,0.5481266116010545,0.57
4,0.45,460,0.5133333333333333,0.3933333333333333,0.09333333333333334,0.5594575468245302,0.5133333333333333
4,0.45,461,0.46,0.4666666666666667,0.07333333333333333,0.5475852834154534,0.4666666666666667
4,0.45,462,0.51,0.38666666666666666,0.10333333333333333,0.5796168925609858,0.51
4,0.45,463,0.5366666666666666,0.4,0.06333333333333334,0.561796308136377,0.5366666666666666
4,0.45,464,0.47333333333333333,0.44,0.08666666666666667,0.5342478305209828,0.47333333333333333
4,0.45,465,0.49666666666666665,0.44666666666666666,0.056666666666666664,0.5371342204646161,0.49666666666666665
4,0.45,466,0.56,0.3566666666666667,0.08333333333333333,0.5339376149520706,0.56
4,0.45,467,0.5333333333333333,0.36666666666666664,0.1,0.5514842627607631,0.5333333333333333
4,0.45,468,0.43,0.4666666666666667,0.10333333333333333,0.5134591477872626,0.4666666666666667
4,0.45,469,0.5333333333333333,0.38666666666666666,0.08,0.5369613223043173,0.5333333333333333
4,0.45,470,0.49,0.4066666666666667,0.10333333333333333,0.5786866096944298,0.49
4,0.45,471,0.5733333333333334,0.36333333333333334,0.06333333333333334,0.5215133153582394,0.5733333333333334
4,0.45,472,0.46,0.4633333333333333,0.07666666666666666,0.5266372619122761,0.4633333333333333
4,0.45,473,0.5333333333333333,0.38666666666666666,0.08,0.578768447146388,0.5333333333333333
4,0.45,474,0.4766666666666667,0.44666666666666666,0.07666666666666666,0.5528201648993337,0.4766666666666667
4,0.45,475,0.5566666666666666,0.38666666666666666,0.056666666666666664,0.5634376774802627,0.5566666666666666
4,0.45,476,0.54,0.4066666666666667,0.05333333333333334,0.539489002039743,0.54
4,0.45,477,0.4866666666666667,0.44333333333333336,0.07,0.5385912809280692,0.4866666666666667
4,0.45,478,0.4766666666666667,0.47,0.05333333333333334,0.5713788578982936,0.4766666666666667
4,0.45,479,0.5366666666666666,0.39,0.07333333333333333,0.5502162836618936,0.5366666666666666
4,0.45,480,0.5033333333333333,0.41,0.08666666666666667,0.5857792559083592,0.5033333333333333
4,0.45,481,0.45,0.4766666666666667,0.07333333333333333,0.547069396363148,0.4766666666666667
4,0.45,482,0.5233333333333333,0.37,0.10666666666666667,0.5839928283779497,0.5233333333333333
4,0.45,483,0.45666666666666667,0.4633333333333333,0.08,0.5674228803977321,0.4633333333333333
4,0.45,484,0.5733333333333334,0.36666666666666664,0.06,0.5439511119394246,0.5733333333333334
4,0.45,485,0.4633333333333333,0.4866666666666667,0.05,0.5083427027210018,0.4866666666666667
4,0.45,486,0.58,0.35,0.07,0.5876661034461137,0.58
4,0.45,487,0.44,0.49666666666666665,0.06333333333333334,0.5537259439059646,0.49666666666666665
4,0.45,488,0.4866666666666667,0.44,0.07333333333333333,0.5249754826230973,0.4866666666666667
4,0.45,489,0.52,0.4266666666666667,0.05333333333333334,0.5310403823365589,0.52
4,0.45,490,0.5633333333333334,0.36,0.07666666666666666,0.577141199050371,0.5633333333333334
4,0.45,491,0.49333333333333335,0.41333333333333333,0.09333333333333334,0.556867177817002,0.49333333333333335
4,0.45,492,0.4633333333333333,0.4633333333333333,0.07333333333333333,0.5582033293208593,0.4633333333333333
4,0.45,493,0.4766666666666667,0.47,0.05333333333333334,0.5401271549691243,0.4766666666666667
4,0.45,494,0.5366666666666666,0.37,0.09333333333333334,0.5775607795508814,0.5366666666666666
4,0.45,495,0.5333333333333333,0.3933333333333333,0.07333333333333333,0.5285471436978125,0.5333333333333333
4,0.45,496,0.48,0.44333333333333336,0.07666666666666666,0.5724434509359289,0.48
4,0.45,497,0.45666666666666667,0.47333333333333333,0.07,0.5302804151044448,0.47333333333333333
4,0.45,498,0.5766666666666667,0.33666666666666667,0.08666666666666667,0.5314092730621212,0.5766666666666667
4,0.45,499,0.5,0.4533333333333333,0.04666666666666667,0.5319557619670551,0.5
5,0.6,0,0.2966666666666667,0.34,0.36333333333333334,0.5167473171760886,0.36333333333333334
5,0.6,1,0.34,0.3466666666666667,0.31333333333333335,0.5658474538732892,0.3466666666666667
5,0.6,2,0.31333333333333335,0.2966666666666667,0.39,0.5453814390642333,0.39
5,0.6,3,0.5366666666666666,0.4066666666666667,0.056666666666666664,0.5322066792183444,0.5366666666666666
5,0.6,4,0.47333333333333333,0.43333333333333335,0.09333333333333334,0.528524815564506,0.47333333333333333
5,0.6,5,0.5266666666666666,0.3933333333333333,0.08,0.5440625531482965,0.5266666666666666
5,0.6,6,0.47333333333333333,0.43,0.09666666666666666,0.5220707036495692,0.47333333333333333
5,0.6,7,0.5133333333333333,0.35,0.13666666666666666,0.5142786667846482,0.5133333333333333
5,0.6,8,0.4533333333333333,0.4633333333333333,0.08333333333333333,0.5297549193628476,0.4633333333333333
5,0.6,9,0.48333333333333334,0.43,0.08666666666666667,0.5337190981916267,0.48333333333333334
5,0.6,10,0.5,0.4,0.1,0.5663221961947986,0.5
5,0.6,11,0.49,0.43333333333333335,0.07666666666666666,0.5340055605189643,0.49
5,0.6,12,0.5266666666666666,0.37333333333333335,0.1,0.5346758828660619,0.5266666666666666
5,0.6,13,0.43666666666666665,0.51,0.05333333333333334,0.5267598326739685,0.51
5,0.6,14,0.5066666666666667,0.39666666666666667,0.09666666666666666,0.5542413817762062,0.5066666666666667
5,0.6,15,0.43,0.46,0.11,0.5629112337423781,0.46
5,0.6,16,0.57,0.35333333333333333,0.07666666666666666,0.5278812434065204,0.57
5,0.6,17,0.48333333333333334,0.4266666666666667,0.09,0.549575949051959,0.48333333333333334
5,0.6,18,0.5233333333333333,0.38333333333333336,0.09333333333333334,0.5787318586398745,0.5233333333333333
5,0.6,19,0.43,0.49333333333333335,0.07666666666666666,0.5072830592558097,0.49333333333333335
5,0.6,20,0.4,0.4766666666666667,0.12333333333333334,0.5732376025507995,0.4766666666666667
5,0.6,21,0.52,0.3933333333333333,0.08666666666666667,0.5247609632280921,0.52
5,0.6,22,0.5166666666666667,0.37666666666666665,0.10666666666666667,0.5093940841093191,0.5166666666666667
5,0.6,23,0.49,0.43333333333333335,0.07666666666666666,0.5427493907535684,0.49
5,0.6,24,0.4766666666666667,0.4033333333333333,0.12,0.5441178061652371,0.4766666666666667
5,0.6,25,0.4266666666666667,0.48333333333333334,0.09,0.5626693738312639,0.48333333333333334
5,0.6,26,0.48,0.42,0.1,0.5379389435540571,0.48
5,0.6,27,0.5333333333333333,0.38,0.08666666666666667,0.5461800072809867,0.5333333333333333
5,0.6,28,0.4666666666666667,0.44333333333333336,0.09,0.5441678446458245,0.4666666666666667
5,0.6,29,0.5333333333333333,0.38333333333333336,0.08333333333333333,0.5049837932622455,0.5333333333333333
5,0.6,30,0.49333333333333335,0.39666666666666667,0.11,0.5524181314968085,0.49333333333333335
5,0.6,31,0.48,0.4533333333333333,0.06666666666666667,0.5430738659110788,0.48
5,0.6,32,0.5066666666666667,0.4166666666666667,0.07666666666666666,0.5767420703511673,0.5066666666666667
5,0.6,33,0.44,0.4766666666666667,0.08333333333333333,0.522934652339202,0.4766666666666667
5,0.6,34,0.5166666666666667,0.38666666666666666,0.09666666666666666,0.5687159282183595,0.5166666666666667
5,0.6,35,0.49,0.41333333333333333,0.09666666666666666,0.5442801749848377,0.49
5,0.6,36,0.5233333333333333,0.38666666666666666,0.09,0.5317611713423988,0.5233333333333333
5,0.6,37,0.45666666666666667,0.44666666666666666,0.09666666666666666,0.5859114993215173,0.45666666666666667
5,0.6,38,0.49333333333333335,0.4066666666666667,0.1,0.5296620813497963,0.49333333333333335
5,0.6,39,0.5166666666666667,0.41,0.07333333333333333,0.5651296927717002,0.5166666666666667
5,0.6,40,0.4633333333333333,0.44333333333333336,0.09333333333333334,0.5137393654465451,0.4633333333333333
5,0.6,41,0.49666666666666665,0.3933333333333333,0.11,0.537874848552696,0.49666666666666665
5,0.6,42,0.44333333333333336,0.4633333333333333,0.09333333333333334,0.560662885306902,0.4633333333333333
5,0.6,43,0.52,0.38,0.1,0.5661305495596004,0.52
5,0.6,44,0.5066666666666667,0.4033333333333333,0.09,0.55512078410974,0.5066666666666667
5,0.6,45,0.5233333333333333,0.38666666666666666,0.09,0.574945598897441,0.5233333333333333
5,0.6,46,0.43333333333333335,0.4866666666666667,0.08,0.5374420831286064,0.4866666666666667
5,0.6,47,0.5133333333333333,0.4,0.08666666666666667,0.5767847963173243,0.5133333333333333
5,0.6,48,0.5333333333333333,0.39,0.07666666666666666,0.5151133321367697,0.5333333333333333
5,0.6,49,0.49333333333333335,0.43666666666666665,0.07,0.5648262968105918,0.49333333333333335
5,0.6,50,0.45666666666666667,0.48333333333333334,0.06,0.5679489926602643,0.48333333333333334
5,0.6,51,0.4633333333333333,0.4533333333333333,0.08333333333333333,0.5503910338308218,0.4633333333333333
5,0.6,52,0.48333333333333334,0.42333333333333334,0.09333333333333334,0.5453239385664371,0.48333333333333334
5,0.6,53,0.48,0.37333333333333335,0.14666666666666667,0.5374999267384301,0.48
5,0.6,54,0.49666666666666665,0.4,0.10333333333333333,0.5647441007697582,0.49666666666666665
5,0.6,55,0.43333333333333335,0.4766666666666667,0.09,0.5687628541893074,0.4766666666666667
5,0.6,56,0.4866666666666667,0.4033333333333333,0.11,0.5876801423792618,0.4866666666666667
5,0.6,57,0.4866666666666667,0.43666666666666665,0.07666666666666666,0.532492500169981,0.4866666666666667
5,0.6,58,0.49333333333333335,0.41333333333333333,0.09333333333333334,0.5531884096179566,0.49333333333333335
5,0.6,59,0.4066666666666667,0.51,0.08333333333333333,0.5549633459344891,0.51
5,0.6,60,0.52,0.36666666666666664,0.11333333333333333,0.5322303668267477,0.52
5,0.6,61,0.4866666666666667,0.4033333333333333,0.11,0.5470426033230583,0.4866666666666667
5,0.6,62,0.51,0.38333333333333336,0.10666666666666667,0.5536234589261704,0.51
5,0.6,63,0.38333333333333336,0.5233333333333333,0.09333333333333334,0.5904584934332195,0.5233333333333333
5,0.6,64,0.5166666666666667,0.41,0.07333333333333333,0.5226717099821525,0.5166666666666667
5,0.6,65,0.48,0.4,0.12,0.5665928407993098,0.48
5,0.6,66,0.5133333333333333,0.4,0.08666666666666667,0.5188179721980639,0.5133333333333333
5,0.6,67,0.43333333333333335,0.46,0.10666666666666667,0.5137224222954776,0.46
5,0.6,68,0.47,0.42333333333333334,0.10666666666666667,0.5444517814805677,0.47
5,0.6,69,0.49666666666666665,0.41,0.09333333333333334,0.5243976612263178,0.49666666666666665
5,0.6,70,0.5233333333333333,0.36,0.11666666666666667,0.5583408729089873,0.5233333333333333
5,0.6,71,0.45,0.43666666666666665,0.11333333333333333,0.5596373518424467,0.45
5,0.6,72,0.4766666666666667,0.43333333333333335,0.09,0.5676625181601888,0.4766666666666667
5,0.6,73,0.43,0.48333333333333334,0.08666666666666667,0.5491554735178267,0.48333333333333334
5,0.6,74,0.55,0.37666666666666665,0.07333333333333333,0.5137736285368751,0.55
5,0.6,75,0.4866666666666667,0.43333333333333335,0.08,0.5413035860614205,0.4866666666666667
5,0.6,76,0.55,0.37333333333333335,0.07666666666666666,0.5796696186812202,0.55
5,0.6,77,0.4633333333333333,0.45,0.08666666666666667,0.5826791676864609,0.4633333333333333
5,0.6,78,0.48333333333333334,0.4533333333333333,0.06333333333333334,0.5488570193343779,0.48333333333333334
5,0.6,79,0.53,0.39,0.08,0.560774974166749,0.53
5,0.6,80,0.44666666666666666,0.4533333333333333,0.1,0.5269160181994091,0.4533333333333333
5,0.6,81,0.49,0.42,0.09,0.5413185256986126,0.49
5,0.6,82,0.4666666666666667,0.44333333333333336,0.09,0.5425771156276216,0.4666666666666667
5,0.6,83,0.5166666666666667,0.3933333333333333,0.09,0.5409652833611213,0.5166666666666667
5,0.6,84,0.52,0.39,0.09,0.5653793582392369,0.52
5,0.6,85,0.5066666666666667,0.44,0.05333333333333334,0.5592708429774174,0.5066666666666667
5,0.6,86,0.41,0.5,0.09,0.5627207790494535,0.5
5,0.6,87,0.45666666666666667,0.44333333333333336,0.1,0.588014036463334,0.45666666666666667
5,0.6,88,0.49666666666666665,0.41,0.09333333333333334,0.5209368219184092,0.49666666666666665
5,0.6,89,0.5133333333333333,0.37666666666666665,0.11,0.5860595619835027,0.5133333333333333
5,0.6,90,0.49666666666666665,0.43333333333333335,0.07,0.5296110018388166,0.49666666666666665
5,0.6,91,0.5033333333333333,0.42,0.07666666666666666,0.5424146065168359,0.5033333333333333
5,0.6,92,0.43,0.4666666666666667,0.10333333333333333,0.546063782977556,0.4666666666666667
5,0.6,93,0.5766666666666667,0.33,0.09333333333333334,0.5570074220113311,0.5766666666666667
5,0.6,94,0.5066666666666667,0.38333333333333336,0.11,0.5383833412150106,0.5066666666666667
5,0.6,95,0.4766666666666667,0.44,0.08333333333333333,0.5473949856093608,0.4766666666666667
5,0.6,96,0.4666666666666667,0.47,0.06333333333333334,0.5511994708258633,0.47
5,0.6,97,0.5433333333333333,0.36,0.09666666666666666,0.5270501193120682,0.5433333333333333
5,0.6,98,0.47333333333333333,0.42,0.10666666666666667,0.5375413231028234,0.47333333333333333
5,0.6,99,0.47,0.45,0.08,0.5787644577816475,0.47
5,0.6,100,0.44666666666666666,0.4633333333333333,0.09,0.5153132196035771,0.4633333333333333
5,0.6,101,0.5366666666666666,0.36,0.10333333333333333,0.5294586812858129,0.5366666666666666
5,0.6,102,0.4633333333333333,0.4533333333333333,0.08333333333333333,0.5266232959560625,0.4633333333333333
5,0.6,103,0.5833333333333334,0.3233333333333333,0.09333333333333334,0.5500672444056491,0.5833333333333334
5,0.6,104,0.41333333333333333,0.5133333333333333,0.07333333333333333,0.5467064798920481,0.5133333333333333
5,0.6,105,0.49,0.39666666666666667,0.11333333333333333,0.5267986567035741,0.49
5,0.6,106,0.4633333333333333,0.4666666666666667,0.07,0.5309757244367521,0.4666666666666667
5,0.6,107,0.54,0.34,0.12,0.5690303372581489,0.54
5,0.6,108,0.44,0.47,0.09,0.5313990494491262,0.47
5,0.6,109,0.53,0.37333333333333335,0.09666666666666666,0.5595170681752325,0.53
5,0.6,110,0.44666666666666666,0.4633333333333333,0.09,0.5622892131031823,0.4633333333333333
5,0.6,111,0.4766666666666667,0.4266666666666667,0.09666666666666666,0.5801776435634888,0.4766666666666667
5,0.6,112,0.47,0.43666666666666665,0.09333333333333334,0.5508193408101314,0.47
5,0.6,113,0.52,0.38333333333333336,0.09666666666666666,0.578083877154495,0.52
5,0.6,114,0.49666666666666665,0.43333333333333335,0.07,0.5340817782735651,0.49666666666666665
5,0.6,115,0.4633333333333333,0.43333333333333335,0.10333333333333333,0.5086891597500217,0.4633333333333333
5,0.6,116,0.4533333333333333,0.48,0.06666666666666667,0.525487534850451,0.48
5,0.6,117,0.5,0.38666666666666666,0.11333333333333333,0.5407273307508387,0.5
5,0.6,118,0.5166666666666667,0.39,0.09333333333333334,0.5585784262492589,0.5166666666666667
5,0.6,119,0.49,0.41,0.1,0.5440427503012758,0.49
5,0.6,120,0.4533333333333333,0.44666666666666666,0.1,0.5634414021909234,0.4533333333333333
5,0.6,121,0.49333333333333335,0.4066666666666667,0.1,0.5811140497512337,0.49333333333333335
5,0.6,122,0.4633333333333333,0.46,0.07666666666666666,0.5179113823905253,0.4633333333333333
5,0.6,123,0.58,0.3433333333333333,0.07666666666666666,0.5448228160602855,0.58
5,0.6,124,0.49666666666666665,0.4166666666666667,0.08666666666666667,0.5784056879542645,0.49666666666666665
5,0.6,125,0.45666666666666667,0.46,0.08333333333333333,0.5311312908601105,0.46
5,0.6,126,0.49666666666666665,0.3933333333333333,0.11,0.5434041868335311,0.49666666666666665
5,0.6,127,0.5066666666666667,0.4033333333333333,0.09,0.5587148932004964,0.5066666666666667
5,0.6,128,0.5233333333333333,0.38666666666666666,0.09,0.5835146930505097,0.5233333333333333
5,0.6,129,0.45666666666666667,0.45666666666666667,0.08666666666666667,0.5512553440172409,0.45666666666666667
5,0.6,130,0.43666666666666665,0.4766666666666667,0.08666666666666667,0.5661718506690893,0.4766666666666667
5,0.6,131,0.47333333333333333,0.43666666666666665,0.09,0.5670630225898148,0.47333333333333333
5,0.6,132,0.5066666666666667,0.4033333333333333,0.09,0.545817799045849,0.5066666666666667
5,0.6,133,0.5233333333333333,0.4066666666666667,0.07,0.5357814246035626,0.5233333333333333
5,0.6,134,0.43666666666666665,0.49,0.07333333333333333,0.5569190621196325,0.49
5,0.6,135,0.5266666666666666,0.36,0.11333333333333333,0.5763605080003781,0.5266666666666666
5,0.6,136,0.5166666666666667,0.41,0.07333333333333333,0.5471391639322439,0.5166666666666667
5,0.6,137,0.52,0.4066666666666667,0.07333333333333333,0.5722416439407784,0.52
5,0.6,138,0.45,0.4666666666666667,0.08333333333333333,0.51600108669381,0.4666666666666667
5,0.6,139,0.51,0.42,0.07,0.5373193201362941,0.51
5,0.6,140,0.5066666666666667,0.39666666666666667,0.09666666666666666,0.569247952182917,0.5066666666666667
5,0.6,141,0.5466666666666666,0.37333333333333335,0.08,0.530889476972548,0.5466666666666666
5,0.6,142,0.42,0.4866666666666667,0.09333333333333334,0.5575452087849427,0.4866666666666667
5,0.6,143,0.47333333333333333,0.44333333333333336,0.08333333333333333,0.5744360134703379,0.47333333333333333
5,0.6,144,0.48,0.45,0.07,0.571067789107218,0.48
5,0.6,145,0.5533333333333333,0.35333333333333333,0.09333333333333334,0.5497235454008376,0.5533333333333333
5,0.6,146,0.47,0.46,0.07,0.5216686766807406,0.47
5,0.6,147,0.5,0.41333333333333333,0.08666666666666667,0.5793512302546069,0.5
5,0.6,148,0.4,0.5133333333333333,0.08666666666666667,0.5870097558669902,0.5133333333333333
5,0.6,149,0.5366666666666666,0.38,0.08333333333333333,0.5427515578061562,0.5366666666666666
5,0.6,150,0.5233333333333333,0.4,0.07666666666666666,0.5056260448115955,0.5233333333333333
5,0.6,151,0.49666666666666665,0.42,0.08333333333333333,0.5415898490440814,0.49666666666666665
5,0.6,152,0.5133333333333333,0.42333333333333334,0.06333333333333334,0.5207836438866256,0.5133333333333333
5,0.6,153,0.43,0.4533333333333333,0.11666666666666667,0.579930442487462,0.4533333333333333
5,0.6,154,0.5466666666666666,0.38666666666666666,0.06666666666666667,0.5486239637377818,0.5466666666666666
5,0.6,155,0.42,0.4766666666666667,0.10333333333333333,0.5480238895436531,0.4766666666666667
5,0.6,156,0.4666666666666667,0.43666666666666665,0.09666666666666666,0.5254512154036906,0.4666666666666667
5,0.6,157,0.48333333333333334,0.43,0.08666666666666667,0.5370914032990656,0.48333333333333334
5,0.6,158,0.5166666666666667,0.39,0.09333333333333334,0.5647509492065724,0.5166666666666667
5,0.6,159,0.48,0.39666666666666667,0.12333333333333334,0.5536523453865301,0.48
5,0.6,160,0.4866666666666667,0.44666666666666666,0.06666666666666667,0.5822278165214637,0.4866666666666667
5,0.6,161,0.48333333333333334,0.42,0.09666666666666666,0.5678434605078627,0.48333333333333334
5,0.6,162,0.4666666666666667,0.4533333333333333,0.08,0.5254478418336852,0.4666666666666667
5,0.6,163,0.5266666666666666,0.3933333333333333,0.08,0.5770283699617657,0.5266666666666666
5,0.6,164,0.5133333333333333,0.42,0.06666666666666667,0.5077656629939061,0.5133333333333333
5,0.6,165,0.49,0.39666666666666667,0.11333333333333333,0.5667502976927583,0.49
5,0.6,166,0.46,0.44333333333333336,0.09666666666666666,0.5677893592335801,0.46
5,0.6,167,0.49333333333333335,0.3933333333333333,0.11333333333333333,0.5333287510480716,0.49333333333333335
5,0.6,168,0.43666666666666665,0.48333333333333334,0.08,0.5626436053056575,0.48333333333333334
5,0.6,169,0.5266666666666666,0.35,0.12333333333333334,0.5382537173917169,0.5266666666666666
5,0.6,170,0.43,0.4633333333333333,0.10666666666666667,0.5275303760187895,0.4633333333333333
5,0.6,171,0.5166666666666667,0.36333333333333334,0.12,0.5473572402015544,0.5166666666666667
5,0.6,172,0.45666666666666667,0.44333333333333336,0.1,0.5517510966470246,0.45666666666666667
5,0.6,173,0.5566666666666666,0.3566666666666667,0.08666666666666667,0.5283072990244663,0.5566666666666666
5,0.6,174,0.4066666666666667,0.49,0.10333333333333333,0.5817748170017661,0.49
5,0.6,175,0.4633333333333333,0.44,0.09666666666666666,0.5503935574398804,0.4633333333333333
5,0.6,176,0.5,0.4066666666666667,0.09333333333333334,0.5676267618331711,0.5
5,0.6,177,0.49666666666666665,0.42333333333333334,0.08,0.5601201995623769,0.49666666666666665
5,0.6,178,0.48,0.44333333333333336,0.07666666666666666,0.541827530263414,0.48
5,0.6,179,0.5066666666666667,0.4166666666666667,0.07666666666666666,0.5661849178471499,0.5066666666666667
5,0.6,180,0.47,0.44333333333333336,0.08666666666666667,0.5351458890993874,0.47
5,0.6,181,0.48,0.43333333333333335,0.08666666666666667,0.5238511034068032,0.48
5,0.6,182,0.49333333333333335,0.4266666666666667,0.08,0.5579635800658086,0.49333333333333335
5,0.6,183,0.4866666666666667,0.42333333333333334,0.09,0.5684439574949374,0.4866666666666667
5,0.6,184,0.44666666666666666,0.44333333333333336,0.11,0.5900606008272499,0.44666666666666666
5,0.6,185,0.44333333333333336,0.4533333333333333,0.10333333333333333,0.5719382117880685,0.4533333333333333
5,0.6,186,0.49,0.4266666666666667,0.08333333333333333,0.5318785869550166,0.49
5,0.6,187,0.5566666666666666,0.3433333333333333,0.1,0.5779580704233925,0.5566666666666666
5,0.6,188,0.4266666666666667,0.48,0.09333333333333334,0.5362995213331362,0.48
5,0.6,189,0.5,0.42,0.08,0.5847358026895202,0.5
5,0.6,190,0.42333333333333334,0.47333333333333333,0.10333333333333333,0.5117389489248448,0.47333333333333333
5,0.6,191,0.51,0.37,0.12,0.5874359910007858,0.51
5,0.6,192,0.48333333333333334,0.42,0.09666666666666666,0.5895512548307739,0.48333333333333334
5,0.6,193,0.5133333333333333,0.38,0.10666666666666667,0.5502870826483953,0.5133333333333333
5,0.6,194,0.4,0.55,0.05,0.5490711565735076,0.55
5,0.6,195,0.5666666666666667,0.36,0.07333333333333333,0.5243852764118562,0.5666666666666667
5,0.6,196,0.4766666666666667,0.43333333333333335,0.09,0.5481257545136526,0.4766666666666667
5,0.6,197,0.51,0.41,0.08,0.5634674029025096,0.51
5,0.6,198,0.4633333333333333,0.4533333333333333,0.08333333333333333,0.5757300693570401,0.4633333333333333
5,0.6,199,0.4666666666666667,0.45,0.08333333333333333,0.5631372336946676,0.4666666666666667
5,0.6,200,0.43333333333333335,0.4633333333333333,0.10333333333333333,0.5300702303604738,0.4633333333333333
5,0.6,201,0.4766666666666667,0.43666666666666665,0.08666666666666667,0.5090852049436013,0.4766666666666667
5,0.6,202,0.5066666666666667,0.37666666666666665,0.11666666666666667,0.574404892686847,0.5066666666666667
5,0.6,203,0.4866666666666667,0.43333333333333335,0.08,0.5231367488104565,0.4866666666666667
5,0.6,204,0.5233333333333333,0.4,0.07666666666666666,0.5277280786860039,0.5233333333333333
5,0.6,205,0.5033333333333333,0.3933333333333333,0.10333333333333333,0.5427143379907515,0.5033333333333333
5,0.6,206,0.49,0.3933333333333333,0.11666666666666667,0.5857503962989359,0.49
5,0.6,207,0.47333333333333333,0.43666666666666665,0.09,0.5502018095064742,0.47333333333333333
5,0.6,208,0.4033333333333333,0.5266666666666666,0.07,0.5526784795498645,0.5266666666666666
5,0.6,209,0.5633333333333334,0.3333333333333333,0.10333333333333333,0.5551980884888803,0.5633333333333334
5,0.6,210,0.48333333333333334,0.44333333333333336,0.07333333333333333,0.5413934726266301,0.48333333333333334
5,0.6,211,0.4666666666666667,0.4533333333333333,0.08,0.5870379697676995,0.4666666666666667
5,0.6,212,0.49,0.41333333333333333,0.09666666666666666,0.5199841821905599,0.49
5,0.6,213,0.52,0.36333333333333334,0.11666666666666667,0.5039346972386578,0.52
5,0.6,214,0.5,0.4066666666666667,0.09333333333333334,0.5176834462041046,0.5
5,0.6,215,0.43666666666666665,0.46,0.10333333333333333,0.5380850928577317,0.46
5,0.6,216,0.5333333333333333,0.4,0.06666666666666667,0.5745736661450961,0.5333333333333333
5,0.6,217,0.5,0.4066666666666667,0.09333333333333334,0.5538132910870187,0.5
5,0.6,218,0.4766666666666667,0.4066666666666667,0.11666666666666667,0.5739476987950705,0.4766666666666667
5,0.6,219,0.44666666666666666,0.44666666666666666,0.10666666666666667,0.5278410975456757,0.44666666666666666
5,0.6,220,0.4266666666666667,0.48333333333333334,0.09,0.573756092113674,0.48333333333333334
5,0.6,221,0.46,0.47,0.07,0.5279466922145805,0.47
5,0.6,222,0.5333333333333333,0.38333333333333336,0.08333333333333333,0.5629648368481251,0.5333333333333333
5,0.6,223,0.51,0.36333333333333334,0.12666666666666668,0.5825104663563566,0.51
5,0.6,224,0.43666666666666665,0.5033333333333333,0.06,0.5689207509330279,0.5033333333333333
5,0.6,225,0.46,0.45666666666666667,0.08333333333333333,0.5656306615273814,0.46
5,0.6,226,0.44666666666666666,0.4666666666666667,0.08666666666666667,0.5371870765875022,0.4666666666666667
5,0.6,227,0.55,0.3433333333333333,0.10666666666666667,0.5700697981600014,0.55
5,0.6,228,0.49333333333333335,0.45,0.056666666666666664,0.5697025442446717,0.49333333333333335
5,0.6,229,0.5433333333333333,0.37666666666666665,0.08,0.5751651255141613,0.5433333333333333
5,0.6,230,0.37333333333333335,0.56,0.06666666666666667,0.5371162654495176,0.56
5,0.6,231,0.5233333333333333,0.39,0.08666666666666667,0.5507426745888512,0.5233333333333333
5,0.6,232,0.49,0.42333333333333334,0.08666666666666667,0.5293023730032463,0.49
5,0.6,233,0.56,0.34,0.1,0.5611916820956483,0.56
5,0.6,234,0.3933333333333333,0.53,0.07666666666666666,0.569034879278117,0.53
5,0.6,235,0.5433333333333333,0.3466666666666667,0.11,0.5414335758905485,0.5433333333333333
5,0.6,236,0.4533333333333333,0.47333333333333333,0.07333333333333333,0.5170442765553883,0.47333333333333333
5,0.6,237,0.54,0.37333333333333335,0.08666666666666667,0.530663591538754,0.54
5,0.6,238,0.45666666666666667,0.45,0.09333333333333334,0.5357732349376068,0.45666666666666667
5,0.6,239,0.5133333333333333,0.37333333333333335,0.11333333333333333,0.5510820447550954,0.5133333333333333
5,0.6,240,0.45,0.47333333333333333,0.07666666666666666,0.5227784655558266,0.47333333333333333
5,0.6,241,0.5233333333333333,0.37666666666666665,0.1,0.5082699280393519,0.5233333333333333
5,0.6,242,0.4633333333333333,0.44,0.09666666666666666,0.5232566201577813,0.4633333333333333
5,0.6,243,0.5433333333333333,0.37,0.08666666666666667,0.5668653756714577,0.5433333333333333
5,0.6,244,0.4266666666666667,0.4766666666666667,0.09666666666666666,0.5466667027964718,0.4766666666666667
5,0.6,245,0.49666666666666665,0.4,0.10333333333333333,0.5204378368625877,0.49666666666666665
5,0.6,246,0.47333333333333333,0.43,0.09666666666666666,0.5348835955492596,0.47333333333333333
5,0.6,247,0.5833333333333334,0.3433333333333333,0.07333333333333333,0.5497684962841672,0.5833333333333334
5,0.6,248,0.43333333333333335,0.5066666666666667,0.06,0.5546524078598067,0.5066666666666667
5,0.6,249,0.5266666666666666,0.4066666666666667,0.06666666666666667,0.5207345472907527,0.5266666666666666
5,0.6,250,0.49,0.44,0.07,0.5865016280806971,0.49
5,0.6,251,0.5,0.38,0.12,0.5168359523378672,0.5
5,0.6,252,0.45666666666666667,0.47333333333333333,0.07,0.5264781047103658,0.47333333333333333
5,0.6,253,0.5333333333333333,0.35333333333333333,0.11333333333333333,0.5466193369922918,0.5333333333333333
5,0.6,254,0.48,0.44666666666666666,0.07333333333333333,0.5372147051352703,0.48
5,0.6,255,0.49666666666666665,0.4066666666666667,0.09666666666666666,0.5380974638754376,0.49666666666666665
5,0.6,256,0.44333333333333336,0.48,0.07666666666666666,0.5364051943167041,0.48
5,0.6,257,0.5566666666666666,0.35333333333333333,0.09,0.5110021224526878,0.5566666666666666
5,0.6,258,0.5233333333333333,0.37666666666666665,0.1,0.5134611191827003,0.5233333333333333
5,0.6,259,0.45,0.46,0.09,0.5794690901378187,0.46
5,0.6,260,0.47,0.43666666666666665,0.09333333333333334,0.5541930673336175,0.47
5,0.6,261,0.45,0.44666666666666666,0.10333333333333333,0.5677899013102106,0.45
5,0.6,262,0.52,0.41,0.07,0.5755704886507571,0.52
5,0.6,263,0.5133333333333333,0.39,0.09666666666666666,0.5514704089665289,0.5133333333333333
5,0.6,264,0.46,0.44333333333333336,0.09666666666666666,0.5081135176272511,0.46
5,0.6,265,0.4633333333333333,0.46,0.07666666666666666,0.5578615138090851,0.4633333333333333
5,0.6,266,0.48333333333333334,0.4266666666666667,0.09,0.5659531799812376,0.48333333333333334
5,0.6,267,0.49,0.43666666666666665,0.07333333333333333,0.5552360960055309,0.49
5,0.6,268,0.5333333333333333,0.39666666666666667,0.07,0.5586317957218812,0.5333333333333333
5,0.6,269,0.48,0.42333333333333334,0.09666666666666666,0.5253118185442894,0.48
5,0.6,270,0.48,0.42,0.1,0.5211795408198864,0.48
5,0.6,271,0.44333333333333336,0.4533333333333333,0.10333333333333333,0.5403817737186961,0.4533333333333333
5,0.6,272,0.5233333333333333,0.38,0.09666666666666666,0.5570359223754284,0.5233333333333333
5,0.6,273,0.3933333333333333,0.52,0.08666666666666667,0.5471601146164385,0.52
5,0.6,274,0.5366666666666666,0.3466666666666667,0.11666666666666667,0.5515278464878804,0.5366666666666666
5,0.6,275,0.45666666666666667,0.4633333333333333,0.08,0.5674934996233709,0.4633333333333333
5,0.6,276,0.49666666666666665,0.4066666666666667,0.09666666666666666,0.5515496514127238,0.49666666666666665
5,0.6,277,0.48,0.4533333333333333,0.06666666666666667,0.5534173437757831,0.48
5,0.6,278,0.54,0.36333333333333334,0.09666666666666666,0.5854847778723504,0.54
5,0.6,279,0.4666666666666667,0.46,0.07333333333333333,0.5741649527502779,0.4666666666666667
5,0.6,280,0.47,0.43666666666666665,0.09333333333333334,0.5621114366469075,0.47
5,0.6,281,0.4866666666666667,0.45,0.06333333333333334,0.5382254082643574,0.4866666666666667
5,0.6,282,0.5466666666666666,0.37,0.08333333333333333,0.5745256872257655,0.5466666666666666
5,0.6,283,0.45,0.45666666666666667,0.09333333333333334,0.5621424091692406,0.45666666666666667
5,0.6,284,0.49333333333333335,0.41333333333333333,0.09333333333333334,0.563907433332221,0.49333333333333335
5,0.6,285,0.44666666666666666,0.4866666666666667,0.06666666666666667,0.5245010328179099,0.4866666666666667
5,0.6,286,0.52,0.4,0.08,0.5589127710427365,0.52
5,0.6,287,0.44666666666666666,0.4633333333333333,0.09,0.5696142571317089,0.4633333333333333
5,0.6,288,0.51,0.3933333333333333,0.09666666666666666,0.5695167266714496,0.51
5,0.6,289,0.48,0.4533333333333333,0.06666666666666667,0.5533973061728974,0.48
5,0.6,290,0.56,0.3566666666666667,0.08333333333333333,0.5649463882447672,0.56
5,0.6,291,0.45666666666666667,0.44,0.10333333333333333,0.5261783927596876,0.45666666666666667
5,0.6,292,0.4533333333333333,0.42333333333333334,0.12333333333333334,0.5663332129185554,0.4533333333333333
5,0.6,293,0.43666666666666665,0.51,0.05333333333333334,0.548097735379854,0.51
5,0.6,294,0.53,0.37,0.1,0.5620246453076023,0.53
5,0.6,295,0.47333333333333333,0.47,0.056666666666666664,0.5622707908358051,0.47333333333333333
5,0.6,296,0.53,0.37666666666666665,0.09333333333333334,0.5714247259673294,0.53
5,0.6,297,0.4066666666666667,0.52,0.07333333333333333,0.5580806108369654,0.52
5,0.6,298,0.5166666666666667,0.39,0.09333333333333334,0.5192705734862996,0.5166666666666667
5,0.6,299,0.44333333333333336,0.4666666666666667,0.09,0.5587205377833335,0.4666666666666667
5,0.6,300,0.54,0.3466666666666667,0.11333333333333333,0.5881189082980067,0.54
5,0.6,301,0.42,0.5066666666666667,0.07333333333333333,0.5612652520367768,0.5066666666666667
5,0.6,302,0.49333333333333335,0.43,0.07666666666666666,0.5146801946044525,0.49333333333333335
5,0.6,303,0.48,0.44,0.08,0.5491358992708154,0.48
5,0.6,304,0.5333333333333333,0.36,0.10666666666666667,0.5536544697229647,0.5333333333333333
5,0.6,305,0.41333333333333333,0.5233333333333333,0.06333333333333334,0.530553910439175,0.5233333333333333
5,0.6,306,0.5233333333333333,0.37333333333333335,0.10333333333333333,0.5336200769847151,0.5233333333333333
5,0.6,307,0.4666666666666667,0.42,0.11333333333333333,0.5487567561438255,0.4666666666666667
5,0.6,308,0.5133333333333333,0.38333333333333336,0.10333333333333333,0.5511227293324905,0.5133333333333333
5,0.6,309,0.4533333333333333,0.45666666666666667,0.09,0.5860240524319434,0.45666666666666667
5,0.6,310,0.5066666666666667,0.38333333333333336,0.11,0.5361251011013155,0.5066666666666667
5,0.6,311,0.43666666666666665,0.47333333333333333,0.09,0.5625840844951061,0.47333333333333333
5,0.6,312,0.47,0.44666666666666666,0.08333333333333333,0.5940917142159905,0.47
5,0.6,313,0.49333333333333335,0.4033333333333333,0.10333333333333333,0.5253697659602427,0.49333333333333335
5,0.6,314,0.44,0.43333333333333335,0.12666666666666668,0.5627667614543557,0.44
5,0.6,315,0.5133333333333333,0.4,0.08666666666666667,0.5435279093735901,0.5133333333333333
5,0.6,316,0.5166666666666667,0.39666666666666667,0.08666666666666667,0.5524267018660642,0.5166666666666667
5,0.6,317,0.49333333333333335,0.42,0.08666666666666667,0.568913966203415,0.49333333333333335
5,0.6,318,0.4533333333333333,0.47333333333333333,0.07333333333333333,0.5324176868127197,0.47333333333333333
5,0.6,319,0.49666666666666665,0.41333333333333333,0.09,0.5396165661688112,0.49666666666666665
5,0.6,320,0.45666666666666667,0.4533333333333333,0.09,0.5632498434005733,0.45666666666666667
5,0.6,321,0.48333333333333334,0.3933333333333333,0.12333333333333334,0.5415226466768674,0.48333333333333334
5,0.6,322,0.43666666666666665,0.49,0.07333333333333333,0.5448133753842813,0.49
5,0.6,323,0.5266666666666666,0.4033333333333333,0.07,0.5566560392749911,0.5266666666666666
5,0.6,324,0.4866666666666667,0.4,0.11333333333333333,0.5623528154197942,0.4866666666666667
5,0.6,325,0.4,0.5033333333333333,0.09666666666666666,0.5333981851239216,0.5033333333333333
5,0.6,326,0.53,0.38333333333333336,0.08666666666666667,0.5786845464759577,0.53
5,0.6,327,0.47333333333333333,0.42,0.10666666666666667,0.5710265335698939,0.47333333333333333
5,0.6,328,0.49,0.4,0.11,0.5342236418993616,0.49
5,0.6,329,0.45,0.46,0.09,0.5668547886282855,0.46
5,0.6,330,0.5233333333333333,0.4,0.07666666666666666,0.5275273343826771,0.5233333333333333
5,0.6,331,0.42,0.4766666666666667,0.10333333333333333,0.575239460653832,0.4766666666666667
5,0.6,332,0.5333333333333333,0.37666666666666665,0.09,0.5802557362681088,0.5333333333333333
5,0.6,333,0.48,0.44666666666666666,0.07333333333333333,0.5721749792670532,0.48
5,0.6,334,0.47,0.43666666666666665,0.09333333333333334,0.5264766520407165,0.47
5,0.6,335,0.45,0.4533333333333333,0.09666666666666666,0.5351172953238867,0.4533333333333333
5,0.6,336,0.5233333333333333,0.4033333333333333,0.07333333333333333,0.5199109581355947,0.5233333333333333
5,0.6,337,0.49,0.37333333333333335,0.13666666666666666,0.5787083968138268,0.49
5,0.6,338,0.45666666666666667,0.44666666666666666,0.09666666666666666,0.573616645418526,0.45666666666666667
5,0.6,339,0.45,0.47333333333333333,0.07666666666666666,0.5355762424642988,0.47333333333333333
5,0.6,340,0.5133333333333333,0.4166666666666667,0.07,0.5751724437642352,0.5133333333333333
5,0.6,341,0.48,0.45,0.07,0.5157700494970295,0.48
5,0.6,342,0.5366666666666666,0.3466666666666667,0.11666666666666667,0.5667741880210077,0.5366666666666666
5,0.6,343,0.48333333333333334,0.43333333333333335,0.08333333333333333,0.5266838464052481,0.48333333333333334
5,0.6,344,0.44666666666666666,0.4866666666666667,0.06666666666666667,0.5554437242622731,0.4866666666666667
5,0.6,345,0.47,0.44333333333333336,0.08666666666666667,0.5749878754109443,0.47
5,0.6,346,0.47333333333333333,0.4,0.12666666666666668,0.5569295249407746,0.47333333333333333
5,0.6,347,0.5233333333333333,0.37666666666666665,0.1,0.5575006592268656,0.5233333333333333
5,0.6,348,0.4166666666666667,0.49666666666666665,0.08666666666666667,0.5391137709216658,0.49666666666666665
5,0.6,349,0.5033333333333333,0.44333333333333336,0.05333333333333334,0.5641392576563676,0.5033333333333333
5,0.6,350,0.5066666666666667,0.4066666666666667,0.08666666666666667,0.5324842035211246,0.5066666666666667
5,0.6,351,0.47333333333333333,0.41,0.11666666666666667,0.5347565508848638,0.47333333333333333
5,0.6,352,0.49333333333333335,0.4066666666666667,0.1,0.5234866607009482,0.49333333333333335
5,0.6,353,0.48333333333333334,0.4,0.11666666666666667,0.5607731654588741,0.48333333333333334
5,0.6,354,0.5033333333333333,0.4066666666666667,0.09,0.5448514014847882,0.5033333333333333
5,0.6,355,0.49666666666666665,0.38333333333333336,0.12,0.5566887236886348,0.49666666666666665
5,0.6,356,0.42,0.49333333333333335,0.08666666666666667,0.5389568797201113,0.49333333333333335
5,0.6,357,0.48,0.42333333333333334,0.09666666666666666,0.5447890598642707,0.48
5,0.6,358,0.48,0.42,0.1,0.5476291659389997,0.48
5,0.6,359,0.5033333333333333,0.38333333333333336,0.11333333333333333,0.5560531352914013,0.5033333333333333
5,0.6,360,0.5066666666666667,0.43333333333333335,0.06,0.5313819277592826,0.5066666666666667
5,0.6,361,0.41,0.5033333333333333,0.08666666666666667,0.5710591379820827,0.5033333333333333
5,0.6,362,0.4766666666666667,0.4266666666666667,0.09666666666666666,0.5686541953927825,0.4766666666666667
5,0.6,363,0.51,0.39666666666666667,0.09333333333333334,0.5171392133680106,0.51
5,0.6,364,0.46,0.43333333333333335,0.10666666666666667,0.5558224346503874,0.46
5,0.6,365,0.5466666666666666,0.38,0.07333333333333333,0.5606598247312848,0.5466666666666666
5,0.6,366,0.48,0.43666666666666665,0.08333333333333333,0.5549968710622776,0.48
5,0.6,367,0.45,0.46,0.09,0.5495993303270801,0.46
5,0.6,368,0.45666666666666667,0.44,0.10333333333333333,0.564593506617765,0.45666666666666667
5,0.6,369,0.51,0.43,0.06,0.5778576130977578,0.51
5,0.6,370,0.56,0.35333333333333333,0.08666666666666667,0.5501696685894804,0.56
5,0.6,371,0.46,0.44,0.1,0.5269772750868053,0.46
5,0.6,372,0.42333333333333334,0.5033333333333333,0.07333333333333333,0.5066326703120332,0.5033333333333333
5,0.6,373,0.5266666666666666,0.4066666666666667,0.06666666666666667,0.5472562002853487,0.5266666666666666
5,0.6,374,0.5166666666666667,0.36666666666666664,0.11666666666666667,0.5412983746545259,0.5166666666666667
5,0.6,375,0.48333333333333334,0.4166666666666667,0.1,0.543850093500144,0.48333333333333334
5,0.6,376,0.43333333333333335,0.49666666666666665,0.07,0.5213331918863304,0.49666666666666665
5,0.6,377,0.49333333333333335,0.42333333333333334,0.08333333333333333,0.5569309893956218,0.49333333333333335
5,0.6,378,0.5266666666666666,0.39666666666666667,0.07666666666666666,0.5253158048607377,0.5266666666666666
5,0.6,379,0.5366666666666666,0.30666666666666664,0.15666666666666668,0.5198804095638785,0.5366666666666666
5,0.6,380,0.46,0.45666666666666667,0.08333333333333333,0.5717143079211662,0.46
5,0.6,381,0.43333333333333335,0.49,0.07666666666666666,0.5350779647351296,0.49
5,0.6,382,0.5366666666666666,0.38333333333333336,0.08,0.514303419403448,0.5366666666666666
5,0.6,383,0.5133333333333333,0.36,0.12666666666666668,0.53304044875027,0.5133333333333333
5,0.6,384,0.4766666666666667,0.4266666666666667,0.09666666666666666,0.5425509027180131,0.4766666666666667
5,0.6,385,0.46,0.43333333333333335,0.10666666666666667,0.5542329757554624,0.46
5,0.6,386,0.5033333333333333,0.4266666666666667,0.07,0.5864269066528989,0.5033333333333333
5,0.6,387,0.5166666666666667,0.4033333333333333,0.08,0.5271473006408094,0.5166666666666667
5,0.6,388,0.5133333333333333,0.4,0.08666666666666667,0.5838807813266518,0.5133333333333333
5,0.6,389,0.46,0.47,0.07,0.57110726062515,0.47
5,0.6,390,0.4633333333333333,0.48,0.056666666666666664,0.5337668507192659,0.48
5,0.6,391,0.5,0.41333333333333333,0.08666666666666667,0.5560327469538602,0.5
5,0.6,392,0.4866666666666667,0.41333333333333333,0.1,0.5770217214657875,0.4866666666666667
5,0.6,393,0.5,0.43333333333333335,0.06666666666666667,0.5888663824172083,0.5
5,0.6,394,0.4866666666666667,0.4533333333333333,0.06,0.5329023951120433,0.4866666666666667
5,0.6,395,0.45666666666666667,0.4633333333333333,0.08,0.530392653824492,0.4633333333333333
5,0.6,396,0.5266666666666666,0.38666666666666666,0.08666666666666667,0.5579631325768317,0.5266666666666666
5,0.6,397,0.5166666666666667,0.37666666666666665,0.10666666666666667,0.5758420770845251,0.5166666666666667
5,0.6,398,0.44333333333333336,0.49,0.06666666666666667,0.5749826389755915,0.49
5,0.6,399,0.5233333333333333,0.3933333333333333,0.08333333333333333,0.5729323340854895,0.5233333333333333
5,0.6,400,0.47,0.4633333333333333,0.06666666666666667,0.5717208805822904,0.47
5,0.6,401,0.53,0.37333333333333335,0.09666666666666666,0.5663581340429038,0.53
5,0.6,402,0.47,0.43666666666666665,0.09333333333333334,0.5410444706410232,0.47
5,0.6,403,0.49333333333333335,0.42,0.08666666666666667,0.5288450039521063,0.49333333333333335
5,0.6,404,0.4266666666666667,0.49,0.08333333333333333,0.5657009658227756,0.49
5,0.6,405,0.5233333333333333,0.3566666666666667,0.12,0.5634538129606443,0.5233333333333333
5,0.6,406,0.47333333333333333,0.4033333333333333,0.12333333333333334,0.5133298746954387,0.47333333333333333
5,0.6,407,0.5133333333333333,0.39666666666666667,0.09,0.5758012796294055,0.5133333333333333
5,0.6,408,0.46,0.4633333333333333,0.07666666666666666,0.555524851641408,0.4633333333333333
5,0.6,409,0.4533333333333333,0.45,0.09666666666666666,0.5123681940353817,0.4533333333333333
5,0.6,410,0.5366666666666666,0.39666666666666667,0.06666666666666667,0.5487247061126637,0.5366666666666666
5,0.6,411,0.4866666666666667,0.41333333333333333,0.1,0.5425802311933525,0.4866666666666667
5,0.6,412,0.4766666666666667,0.45,0.07333333333333333,0.5305226195515238,0.4766666666666667
5,0.6,413,0.49,0.42,0.09,0.5210500301056843,0.49
5,0.6,414,0.52,0.42,0.06,0.5719887975273713,0.52
5,0.6,415,0.48333333333333334,0.42333333333333334,0.09333333333333334,0.5681359269009314,0.48333333333333334
5,0.6,416,0.45,0.47,0.08,0.5714907322446814,0.47
5,0.6,417,0.45,0.4666666666666667,0.08333333333333333,0.576273628573136,0.4666666666666667
5,0.6,418,0.5166666666666667,0.3933333333333333,0.09,0.5275312853773019,0.5166666666666667
5,0.6,419,0.47333333333333333,0.43333333333333335,0.09333333333333334,0.5829798932650201,0.47333333333333333
5,0.6,420,0.49,0.4166666666666667,0.09333333333333334,0.5685238155954535,0.49
5,0.6,421,0.5033333333333333,0.41,0.08666666666666667,0.5327828845582853,0.5033333333333333
5,0.6,422,0.44666666666666666,0.4533333333333333,0.1,0.5659310691807693,0.4533333333333333
5,0.6,423,0.4533333333333333,0.45,0.09666666666666666,0.5731351053318302,0.4533333333333333
5,0.6,424,0.4533333333333333,0.4533333333333333,0.09333333333333334,0.5350949056154956,0.4533333333333333
5,0.6,425,0.5,0.41,0.09,0.5409951885674174,0.5
5,0.6,426,0.5133333333333333,0.4033333333333333,0.08333333333333333,0.5637855678124791,0.5133333333333333
5,0.6,427,0.48,0.44,0.08,0.5511728455439417,0.48
5,0.6,428,0.4866666666666667,0.4166666666666667,0.09666666666666666,0.5537348497841604,0.4866666666666667
5,0.6,429,0.47,0.44333333333333336,0.08666666666666667,0.5430382539546778,0.47
5,0.6,430,0.52,0.38333333333333336,0.09666666666666666,0.5222000172217446,0.52
5,0.6,431,0.49,0.44333333333333336,0.06666666666666667,0.5435885419802202,0.49
5,0.6,432,0.5266666666666666,0.36333333333333334,0.11,0.5439955225793842,0.5266666666666666
5,0.6,433,0.48,0.43,0.09,0.5609289194982763,0.48
5,0.6,434,0.49666666666666665,0.42333333333333334,0.08,0.5285664076809365,0.49666666666666665
5,0.6,435,0.54,0.37,0.09,0.5376885568788865,0.54
5,0.6,436,0.4166666666666667,0.5066666666666667,0.07666666666666666,0.5598243430633995,0.5066666666666667
5,0.6,437,0.51,0.42,0.07,0.5279504976910699,0.51
5,0.6,438,0.5233333333333333,0.4033333333333333,0.07333333333333333,0.5182563996477634,0.5233333333333333
5,0.6,439,0.5233333333333333,0.4,0.07666666666666666,0.5296002623098562,0.5233333333333333
5,0.6,440,0.44333333333333336,0.48,0.07666666666666666,0.590010015607761,0.48
5,0.6,441,0.5166666666666667,0.37333333333333335,0.11,0.5654164729676951,0.5166666666666667
5,0.6,442,0.44,0.48,0.08,0.5957471931789113,0.48
5,0.6,443,0.4666666666666667,0.44,0.09333333333333334,0.5720705452267456,0.4666666666666667
5,0.6,444,0.46,0.45,0.09,0.5736955471618357,0.46
5,0.6,445,0.49,0.43333333333333335,0.07666666666666666,0.5660537609070745,0.49
5,0.6,446,0.4766666666666667,0.44333333333333336,0.08,0.5595065552795163,0.4766666666666667
5,0.6,447,0.4666666666666667,0.4533333333333333,0.08,0.5680905101411569,0.4666666666666667
5,0.6,448,0.49666666666666665,0.4,0.10333333333333333,0.5346355325631708,0.49666666666666665
5,0.6,449,0.47333333333333333,0.44333333333333336,0.08333333333333333,0.5418480798307023,0.47333333333333333
5,0.6,450,0.47,0.41333333333333333,0.11666666666666667,0.5240956049798061,0.47
5,0.6,451,0.46,0.47333333333333333,0.06666666666666667,0.530370527509451,0.47333333333333333
5,0.6,452,0.45666666666666667,0.44333333333333336,0.1,0.5035647668808945,0.45666666666666667
5,0.6,453,0.5,0.4,0.1,0.5710119112738217,0.5
5,0.6,454,0.47333333333333333,0.43666666666666665,0.09,0.5159220675917929,0.47333333333333333
5,0.6,455,0.5233333333333333,0.37,0.10666666666666667,0.5541549418552867,0.5233333333333333
5,0.6,456,0.42,0.47,0.11,0.5617450972443085,0.47
5,0.6,457,0.4866666666666667,0.43333333333333335,0.08,0.5680798745364003,0.4866666666666667
5,0.6,458,0.49666666666666665,0.4266666666666667,0.07666666666666666,0.531711341253826,0.49666666666666665
5,0.6,459,0.49333333333333335,0.41,0.09666666666666666,0.562882192900754,0.49333333333333335
5,0.6,460,0.5166666666666667,0.4033333333333333,0.08,0.5752861069834766,0.5166666666666667
5,0.6,461,0.47333333333333333,0.4166666666666667,0.11,0.5509376375467907,0.47333333333333333
5,0.6,462,0.4766666666666667,0.45,0.07333333333333333,0.5638191046727662,0.4766666666666667
5,0.6,463,0.48,0.44666666666666666,0.07333333333333333,0.545748375264039,0.48
5,0.6,464,0.5066666666666667,0.38333333333333336,0.11,0.5664026288500995,0.5066666666666667
5,0.6,465,0.43,0.48333333333333334,0.08666666666666667,0.5224276706037415,0.48333333333333334
5,0.6,466,0.5566666666666666,0.38,0.06333333333333334,0.5166552067268502,0.5566666666666666
5,0.6,467,0.49666666666666665,0.41,0.09333333333333334,0.530401836525908,0.49666666666666665
5,0.6,468,0.5566666666666666,0.37,0.07333333333333333,0.5760916303804526,0.5566666666666666
5,0.6,469,0.3933333333333333,0.5,0.10666666666666667,0.5620124530166997,0.5
5,0.6,470,0.5266666666666666,0.37333333333333335,0.1,0.5502990008607153,0.5266666666666666
5,0.6,471,0.48333333333333334,0.43333333333333335,0.08333333333333333,0.5774856827271942,0.48333333333333334
5,0.6,472,0.43333333333333335,0.49,0.07666666666666666,0.5230339495965085,0.49
5,0.6,473,0.4666666666666667,0.43666666666666665,0.09666666666666666,0.5901812260532678,0.4666666666666667
5,0.6,474,0.5233333333333333,0.37,0.10666666666666667,0.5225414963474813,0.5233333333333333
5,0.6,475,0.5333333333333333,0.35,0.11666666666666667,0.5435251554193314,0.5333333333333333
5,0.6,476,0.4866666666666667,0.44666666666666666,0.06666666666666667,0.5799573356083434,0.4866666666666667
5,0.6,477,0.44666666666666666,0.47333333333333333,0.08,0.5605965211286681,0.47333333333333333
5,0.6,478,0.4866666666666667,0.4166666666666667,0.09666666666666666,0.5041088645318713,0.4866666666666667
5,0.6,479,0.5333333333333333,0.36,0.10666666666666667,0.5464170051022669,0.5333333333333333
5,0.6,480,0.51,0.42333333333333334,0.06666666666666667,0.5441244603738127,0.51
5,0.6,481,0.45,0.47333333333333333,0.07666666666666666,0.5761024578383764,0.47333333333333333
5,0.6,482,0.45,0.47333333333333333,0.07666666666666666,0.5617346485762372,0.47333333333333333
5,0.6,483,0.48333333333333334,0.41333333333333333,0.10333333333333333,0.5570184399925692,0.48333333333333334
5,0.6,484,0.5566666666666666,0.33,0.11333333333333333,0.547973407758902,0.5566666666666666
5,0.6,485,0.44333333333333336,0.4533333333333333,0.10333333333333333,0.5463142799499587,0.4533333333333333
5,0.6,486,0.48333333333333334,0.44666666666666666,0.07,0.5448364133599305,0.48333333333333334
5,0.6,487,0.46,0.44666666666666666,0.09333333333333334,0.5460841563214978,0.46
5,0.6,488,0.5133333333333333,0.37666666666666665,0.11,0.5583159132810933,0.5133333333333333
5,0.6,489,0.47,0.44666666666666666,0.08333333333333333,0.5484993108594484,0.47
5,0.6,490,0.4633333333333333,0.46,0.07666666666666666,0.5777248555358102,0.4633333333333333
5,0.6,491,0.48333333333333334,0.4666666666666667,0.05,0.5521906637523889,0.48333333333333334
5,0.6,492,0.55,0.39,0.06,0.5389585822464318,0.55
5,0.6,493,0.43666666666666665,0.44,0.12333333333333334,0.564886341513091,0.44
5,0.6,494,0.51,0.42,0.07,0.5689304026675818,0.51
5,0.6,495,0.46,0.45666666666666667,0.08333333333333333,0.5437990992981183,0.46
5,0.6,496,0.4766666666666667,0.42,0.10333333333333333,0.5152216093501346,0.4766666666666667
5,0.6,497,0.5366666666666666,0.37666666666666665,0.08666666666666667,0.5307778480650787,0.5366666666666666
5,0.6,498,0.5133333333333333,0.38,0.10666666666666667,0.5347473956380796,0.5133333333333333
5,0.6,499,0.4766666666666667,0.42,0.10333333333333333,0.561956641515535,0.4766666666666667
6,0.85,0,0.38666666666666666,0.33,0.2833333333333333,0.5641620505627359,0.38666666666666666
6,0.85,1,0.3,0.36666666666666664,0.3333333333333333,0.5345400711515911,0.36666666666666664
6,0.85,2,0.30666666666666664,0.3466666666666667,0.3466666666666667,0.5248318390671877,0.3466666666666667
6,0.85,3,0.36,0.5466666666666666,0.09333333333333334,0.5406464034680175,0.5466666666666666
6,0.85,4,0.43,0.42,0.15,0.5606342745119707,0.43
6,0.85,5,0.43666666666666665,0.43,0.13333333333333333,0.5576122538773649,0.43666666666666665
6,0.85,6,0.48,0.4033333333333333,0.11666666666666667,0.5370507160922073,0.48
6,0.85,7,0.41,0.45666666666666667,0.13333333333333333,0.5337150108215353,0.45666666666666667
6,0.85,8,0.43,0.4633333333333333,0.10666666666666667,0.5031643045789255,0.4633333333333333
6,0.85,9,0.49333333333333335,0.4033333333333333,0.10333333333333333,0.5592097453192169,0.49333333333333335
6,0.85,10,0.4633333333333333,0.41,0.12666666666666668,0.5444911688110349,0.4633333333333333
6,0.85,11,0.47,0.44666666666666666,0.08333333333333333,0.5618583959460784,0.47
6,0.85,12,0.45666666666666667,0.4266666666666667,0.11666666666666667,0.5303588797849558,0.45666666666666667
6,0.85,13,0.42,0.48333333333333334,0.09666666666666666,0.527869564058534,0.48333333333333334
6,0.85,14,0.46,0.4166666666666667,0.12333333333333334,0.5641601930437121,0.46
6,0.85,15,0.4266666666666667,0.4666666666666667,0.10666666666666667,0.5641823681175684,0.4666666666666667
6,0.85,16,0.4066666666666667,0.4533333333333333,0.14,0.5608689603560976,0.4533333333333333
6,0.85,17,0.39,0.5,0.11,0.5567816944783013,0.5
6,0.85,18,0.4866666666666667,0.38,0.13333333333333333,0.5795097915832312,0.4866666666666667
6,0.85,19,0.44666666666666666,0.46,0.09333333333333334,0.5729539896141582,0.46
6,0.85,20,0.45666666666666667,0.43333333333333335,0.11,0.5221858500046836,0.45666666666666667
6,0.85,21,0.43,0.45666666666666667,0.11333333333333333,0.5804681883018677,0.45666666666666667
6,0.85,22,0.47,0.4033333333333333,0.12666666666666668,0.5464200516985603,0.47
6,0.85,23,0.5033333333333333,0.42,0.07666666666666666,0.5336534694221715,0.5033333333333333
6,0.85,24,0.43333333333333335,0.46,0.10666666666666667,0.5564067450942719,0.46
6,0.85,25,0.43333333333333335,0.43333333333333335,0.13333333333333333,0.5591892394019751,0.43333333333333335
6,0.85,26,0.46,0.4533333333333333,0.08666666666666667,0.5713577656483586,0.46
6,0.85,27,0.43666666666666665,0.44,0.12333333333333334,0.5624928558119167,0.44
6,0.85,28,0.4166666666666667,0.4866666666666667,0.09666666666666666,0.5864198865736294,0.4866666666666667
6,0.85,29,0.4066666666666667,0.48333333333333334,0.11,0.568568687727047,0.48333333333333334
6,0.85,30,0.47,0.44,0.09,0.5449590706666416,0.47
6,0.85,31,0.49333333333333335,0.38333333333333336,0.12333333333333334,0.5353346730988843,0.49333333333333335
6,0.85,32,0.41,0.48,0.11,0.5337999575689367,0.48
6,0.85,33,0.4166666666666667,0.4666666666666667,0.11666666666666667,0.5252954126076189,0.4666666666666667
6,0.85,34,0.5,0.38,0.12,0.5595643967679752,0.5
6,0.85,35,0.42,0.46,0.12,0.5579918483785796,0.46
6,0.85,36,0.4266666666666667,0.44333333333333336,0.13,0.5613957756765103,0.44333333333333336
6,0.85,37,0.45666666666666667,0.4633333333333333,0.08,0.5381168896775633,0.4633333333333333
6,0.85,38,0.4533333333333333,0.4066666666666667,0.14,0.5820968930497239,0.4533333333333333
6,0.85,39,0.45,0.43,0.12,0.5989564595075542,0.45
6,0.85,40,0.43666666666666665,0.48,0.08333333333333333,0.5647684318058314,0.48
6,0.85,41,0.4633333333333333,0.43,0.10666666666666667,0.5859647359858308,0.4633333333333333
6,0.85,42,0.42,0.4666666666666667,0.11333333333333333,0.5340368256769349,0.4666666666666667
6,0.85,43,0.49,0.42333333333333334,0.08666666666666667,0.5761058954289052,0.49
6,0.85,44,0.42,0.44333333333333336,0.13666666666666666,0.5570399832392564,0.44333333333333336
6,0.85,45,0.42333333333333334,0.49,0.08666666666666667,0.5173247208694434,0.49
6,0.85,46,0.4266666666666667,0.4533333333333333,0.12,0.5422929348295074,0.4533333333333333
6,0.85,47,0.38666666666666666,0.47,0.14333333333333334,0.5301477440872173,0.47
6,0.85,48,0.4866666666666667,0.38666666666666666,0.12666666666666668,0.5380457256502067,0.4866666666666667
6,0.85,49,0.46,0.42,0.12,0.5276421759534935,0.46
6,0.85,50,0.48333333333333334,0.37333333333333335,0.14333333333333334,0.5184815179776249,0.48333333333333334
6,0.85,51,0.4633333333333333,0.4266666666666667,0.11,0.521975098807758,0.4633333333333333
6,0.85,52,0.44666666666666666,0.4266666666666667,0.12666666666666668,0.5300262493272723,0.44666666666666666
6,0.85,53,0.49666666666666665,0.4,0.10333333333333333,0.5343896225894108,0.49666666666666665
6,0.85,54,0.38333333333333336,0.52,0.09666666666666666,0.5360929088024421,0.52
6,0.85,55,0.4533333333333333,0.4,0.14666666666666667,0.5542936752017961,0.4533333333333333
6,0.85,56,0.47,0.4166666666666667,0.11333333333333333,0.5203158137385385,0.47
6,0.85,57,0.48333333333333334,0.43,0.08666666666666667,0.5540237198106409,0.48333333333333334
6,0.85,58,0.45,0.4633333333333333,0.08666666666666667,0.5279974145478652,0.4633333333333333
6,0.85,59,0.46,0.42333333333333334,0.11666666666666667,0.5491818022352519,0.46
6,0.85,60,0.43,0.4766666666666667,0.09333333333333334,0.546643693740898,0.4766666666666667
6,0.85,61,0.48,0.4033333333333333,0.11666666666666667,0.5778155765295793,0.48
6,0.85,62,0.43666666666666665,0.47,0.09333333333333334,0.5636386330872288,0.47
6,0.85,63,0.44,0.43,0.13,0.5802709975672995,0.44
6,0.85,64,0.38333333333333336,0.49666666666666665,0.12,0.5682001623194882,0.49666666666666665
6,0.85,65,0.45666666666666667,0.4633333333333333,0.08,0.5491355052279423,0.4633333333333333
6,0.85,66,0.4633333333333333,0.41,0.12666666666666668,0.5706477586326253,0.4633333333333333
6,0.85,67,0.45,0.45666666666666667,0.09333333333333334,0.548509199238199,0.45666666666666667
6,0.85,68,0.45,0.43,0.12,0.5329858231992524,0.45
6,0.85,69,0.45,0.4266666666666667,0.12333333333333334,0.5632406659800177,0.45
6,0.85,70,0.39,0.47,0.14,0.538859637403869,0.47
6,0.85,71,0.4066666666666667,0.44666666666666666,0.14666666666666667,0.5427866307786028,0.44666666666666666
6,0.85,72,0.4766666666666667,0.44333333333333336,0.08,0.5572333061322244,0.4766666666666667
6,0.85,73,0.43333333333333335,0.43666666666666665,0.13,0.5320124513905292,0.43666666666666665
6,0.85,74,0.47333333333333333,0.4,0.12666666666666668,0.5122885961164954,0.47333333333333333
6,0.85,75,0.4033333333333333,0.4533333333333333,0.14333333333333334,0.5596245602054181,0.4533333333333333
6,0.85,76,0.43666666666666665,0.4666666666666667,0.09666666666666666,0.5201211899428251,0.4666666666666667
6,0.85,77,0.4166666666666667,0.4533333333333333,0.13,0.5529882055139672,0.4533333333333333
6,0.85,78,0.43,0.44333333333333336,0.12666666666666668,0.5173053822701044,0.44333333333333336
6,0.85,79,0.46,0.44,0.1,0.5496296325669063,0.46
6,0.85,80,0.4666666666666667,0.42,0.11333333333333333,0.5607479607044953,0.4666666666666667
6,0.85,81,0.48333333333333334,0.42333333333333334,0.09333333333333334,0.5402920485596819,0.48333333333333334
6,0.85,82,0.45,0.4633333333333333,0.08666666666666667,0.5792535551465475,0.4633333333333333
6,0.85,83,0.44333333333333336,0.45,0.10666666666666667,0.555062653725121,0.45
6,0.85,84,0.39,0.5133333333333333,0.09666666666666666,0.5577959965894747,0.5133333333333333
6,0.85,85,0.4666666666666667,0.44,0.09333333333333334,0.5535739713101778,0.4666666666666667
6,0.85,86,0.42,0.43,0.15,0.5432661833327841,0.43
6,0.85,87,0.49,0.36,0.15,0.5139989008181309,0.49
6,0.85,88,0.43,0.43333333333333335,0.13666666666666666,0.5969356546497289,0.43333333333333335
6,0.85,89,0.4166666666666667,0.47333333333333333,0.11,0.5310203925427451,0.47333333333333333
6,0.85,90,0.44333333333333336,0.44,0.11666666666666667,0.5171118739004451,0.44333333333333336
6,0.85,91,0.43666666666666665,0.42,0.14333333333333334,0.566075947690414,0.43666666666666665
6,0.85,92,0.39666666666666667,0.4866666666666667,0.11666666666666667,0.5731800955238009,0.4866666666666667
6,0.85,93,0.4633333333333333,0.4266666666666667,0.11,0.5442924302234028,0.4633333333333333
6,0.85,94,0.4533333333333333,0.44333333333333336,0.10333333333333333,0.5606433115352887,0.4533333333333333
6,0.85,95,0.41,0.46,0.13,0.5269826363273363,0.46
6,0.85,96,0.45666666666666667,0.46,0.08333333333333333,0.5280450337839976,0.46
6,0.85,97,0.42,0.45666666666666667,0.12333333333333334,0.5622781040573568,0.45666666666666667
6,0.85,98,0.43666666666666665,0.42,0.14333333333333334,0.5544518586601445,0.43666666666666665
6,0.85,99,0.4,0.49666666666666665,0.10333333333333333,0.5084296642803416,0.49666666666666665
6,0.85,100,0.47,0.4166666666666667,0.11333333333333333,0.545176601992305,0.47
6,0.85,101,0.4266666666666667,0.4533333333333333,0.12,0.5766925051625645,0.4533333333333333
6,0.85,102,0.4633333333333333,0.44333333333333336,0.09333333333333334,0.5417290798867934,0.4633333333333333
6,0.85,103,0.43333333333333335,0.4533333333333333,0.11333333333333333,0.5505832713071375,0.4533333333333333
6,0.85,104,0.4533333333333333,0.41333333333333333,0.13333333333333333,0.5820455528244658,0.4533333333333333
6,0.85,105,0.4266666666666667,0.4766666666666667,0.09666666666666666,0.5804128218465836,0.4766666666666667
6,0.85,106,0.42333333333333334,0.47,0.10666666666666667,0.529942631406729,0.47
6,0.85,107,0.47,0.43,0.1,0.5629821682642961,0.47
6,0.85,108,0.41,0.4633333333333333,0.12666666666666668,0.5407623057621915,0.4633333333333333
6,0.85,109,0.43666666666666665,0.42333333333333334,0.14,0.5347662166102758,0.43666666666666665
6,0.85,110,0.43,0.46,0.11,0.5747371803143604,0.46
6,0.85,111,0.4866666666666667,0.41333333333333333,0.1,0.5546853290448718,0.4866666666666667
6,0.85,112,0.4,0.4766666666666667,0.12333333333333334,0.5787946326026152,0.4766666666666667
6,0.85,113,0.47333333333333333,0.4166666666666667,0.11,0.5642917822459481,0.47333333333333333
6,0.85,114,0.39,0.5066666666666667,0.10333333333333333,0.5487627775409004,0.5066666666666667
6,0.85,115,0.43333333333333335,0.46,0.10666666666666667,0.5150811661597946,0.46
6,0.85,116,0.4,0.48,0.12,0.5201899538920063,0.48
6,0.85,117,0.47333333333333333,0.39666666666666667,0.13,0.5514713078234602,0.47333333333333333
6,0.85,118,0.4266666666666667,0.4666666666666667,0.10666666666666667,0.5569011098353681,0.4666666666666667
6,0.85,119,0.4766666666666667,0.3933333333333333,0.13,0.5374954637188578,0.4766666666666667
6,0.85,120,0.44666666666666666,0.45,0.10333333333333333,0.5757530852803512,0.45
6,0.85,121,0.48333333333333334,0.4033333333333333,0.11333333333333333,0.5589117441710401,0.48333333333333334
6,0.85,122,0.44333333333333336,0.4633333333333333,0.09333333333333334,0.5667061992580591,0.4633333333333333
6,0.85,123,0.4533333333333333,0.46,0.08666666666666667,0.531198378031466,0.46
6,0.85,124,0.4066666666666667,0.48333333333333334,0.11,0.5425239202286726,0.48333333333333334
6,0.85,125,0.48333333333333334,0.41333333333333333,0.10333333333333333,0.5319672628404021,0.48333333333333334
6,0.85,126,0.43333333333333335,0.4166666666666667,0.15,0.544612923866314,0.43333333333333335
6,0.85,127,0.4633333333333333,0.43,0.10666666666666667,0.5731608288590931,0.4633333333333333
6,0.85,128,0.4266666666666667,0.4666666666666667,0.10666666666666667,0.5675834542540078,0.4666666666666667
6,0.85,129,0.4666666666666667,0.44,0.09333333333333334,0.5161329257867697,0.4666666666666667
6,0.85,130,0.43666666666666665,0.4533333333333333,0.11,0.5308540648167716,0.4533333333333333
6,0.85,131,0.4166666666666667,0.45,0.13333333333333333,0.5489038702166837,0.45
6,0.85,132,0.44,0.42,0.14,0.562773816469716,0.44
6,0.85,133,0.38,0.49,0.13,0.5070167229348084,0.49
6,0.85,134,0.4533333333333333,0.43,0.11666666666666667,0.5284498133788492,0.4533333333333333
6,0.85,135,0.44333333333333336,0.4533333333333333,0.10333333333333333,0.5742545552162531,0.4533333333333333
6,0.85,136,0.4633333333333333,0.43333333333333335,0.10333333333333333,0.5606000586308907,0.4633333333333333
6,0.85,137,0.43,0.45666666666666667,0.11333333333333333,0.5520390232621676,0.45666666666666667
6,0.85,138,0.4033333333333333,0.49333333333333335,0.10333333333333333,0.5629519796336342,0.49333333333333335
6,0.85,139,0.43666666666666665,0.44,0.12333333333333334,0.5825384826882712,0.44
6,0.85,140,0.42333333333333334,0.47,0.10666666666666667,0.5331317532334839,0.47
6,0.85,141,0.4633333333333333,0.4166666666666667,0.12,0.5437252641044067,0.4633333333333333
6,0.85,142,0.37666666666666665,0.52,0.10333333333333333,0.5516753765258082,0.52
6,0.85,143,0.41,0.44666666666666666,0.14333333333333334,0.578195792055095,0.44666666666666666
6,0.85,144,0.44,0.46,0.1,0.5844284648207897,0.46
6,0.85,145,0.46,0.43666666666666665,0.10333333333333333,0.5159778744863398,0.46
6,0.85,146,0.43333333333333335,0.44333333333333336,0.12333333333333334,0.5574514478275943,0.44333333333333336
6,0.85,147,0.44666666666666666,0.43333333333333335,0.12,0.5389904309536204,0.44666666666666666
6,0.85,148,0.3933333333333333,0.49666666666666665,0.11,0.5444099307986836,0.49666666666666665
6,0.85,149,0.5133333333333333,0.38333333333333336,0.10333333333333333,0.536585582626822,0.5133333333333333
6,0.85,150,0.42333333333333334,0.44666666666666666,0.13,0.5628260502039056,0.44666666666666666
6,0.85,151,0.44,0.42333333333333334,0.13666666666666666,0.5127795910272834,0.44
6,0.85,152,0.44,0.45,0.11,0.531419846470158,0.45
6,0.85,153,0.42333333333333334,0.4666666666666667,0.11,0.514742782476727,0.4666666666666667
6,0.85,154,0.47333333333333333,0.4,0.12666666666666668,0.5562395364855152,0.47333333333333333
6,0.85,155,0.47,0.4166666666666667,0.11333333333333333,0.5638418688186172,0.47
6,0.85,156,0.4533333333333333,0.44333333333333336,0.10333333333333333,0.5328242772519066,0.4533333333333333
6,0.85,157,0.42333333333333334,0.45,0.12666666666666668,0.5374558102286923,0.45
6,0.85,158,0.44,0.43,0.13,0.5343634565159182,0.44
6,0.85,159,0.39666666666666667,0.4533333333333333,0.15,0.529817158923835,0.4533333333333333
6,0.85,160,0.42,0.4533333333333333,0.12666666666666668,0.5804494251419027,0.4533333333333333
6,0.85,161,0.51,0.39,0.1,0.5598398329750267,0.51
6,0.85,162,0.43666666666666665,0.4633333333333333,0.1,0.5578240362187322,0.4633333333333333
6,0.85,163,0.5033333333333333,0.4,0.09666666666666666,0.5261367411273309,0.5033333333333333
6,0.85,164,0.36666666666666664,0.5133333333333333,0.12,0.5285524183391598,0.5133333333333333
6,0.85,165,0.47,0.44,0.09,0.539520510870351,0.47
6,0.85,166,0.44,0.43666666666666665,0.12333333333333334,0.571678118791848,0.44
6,0.85,167,0.44333333333333336,0.42,0.13666666666666666,0.5343989538213737,0.44333333333333336
6,0.85,168,0.4066666666666667,0.4633333333333333,0.13,0.5870195565795289,0.4633333333333333
6,0.85,169,0.4533333333333333,0.44333333333333336,0.10333333333333333,0.584800676204046,0.4533333333333333
6,0.85,170,0.4666666666666667,0.4033333333333333,0.13,0.545543258496825,0.4666666666666667
6,0.85,171,0.47333333333333333,0.4066666666666667,0.12,0.5673055568010236,0.47333333333333333
6,0.85,172,0.49,0.42,0.09,0.5227954357061949,0.49
6,0.85,173,0.44,0.41,0.15,0.562456497375448,0.44
6,0.85,174,0.44666666666666666,0.4766666666666667,0.07666666666666666,0.5367310313801777,0.4766666666666667
6,0.85,175,0.46,0.42333333333333334,0.11666666666666667,0.5289271059634663,0.46
6,0.85,176,0.43,0.48,0.09,0.5312367906631065,0.48
6,0.85,177,0.46,0.4166666666666667,0.12333333333333334,0.5085853271713385,0.46
6,0.85,178,0.4533333333333333,0.43,0.11666666666666667,0.5630109845788412,0.4533333333333333
6,0.85,179,0.4633333333333333,0.43333333333333335,0.10333333333333333,0.5281793576692396,0.4633333333333333
6,0.85,180,0.41,0.46,0.13,0.514114064070173,0.46
6,0.85,181,0.45666666666666667,0.44,0.10333333333333333,0.5649722000322827,0.45666666666666667
6,0.85,182,0.44333333333333336,0.43333333333333335,0.12333333333333334,0.5890361190563089,0.44333333333333336
6,0.85,183,0.42,0.45666666666666667,0.12333333333333334,0.5873739694667279,0.45666666666666667
6,0.85,184,0.44,0.48333333333333334,0.07666666666666666,0.5173969303009904,0.48333333333333334
6,0.85,185,0.46,0.43333333333333335,0.10666666666666667,0.5867311078057554,0.46
6,0.85,186,0.4166666666666667,0.4666666666666667,0.11666666666666667,0.5450255073238541,0.4666666666666667
6,0.85,187,0.42333333333333334,0.44,0.13666666666666666,0.547009475940103,0.44
6,0.85,188,0.43666666666666665,0.43,0.13333333333333333,0.5499140561576795,0.43666666666666665
6,0.85,189,0.43333333333333335,0.42333333333333334,0.14333333333333334,0.5320012340621432,0.43333333333333335
6,0.85,190,0.45,0.43,0.12,0.5374685106231866,0.45
6,0.85,191,0.43666666666666665,0.44666666666666666,0.11666666666666667,0.537934942617112,0.44666666666666666
6,0.85,192,0.47333333333333333,0.42333333333333334,0.10333333333333333,0.5408662352950813,0.47333333333333333
6,0.85,193,0.4533333333333333,0.42,0.12666666666666668,0.5534665909966971,0.4533333333333333
6,0.85,194,0.4666666666666667,0.4166666666666667,0.11666666666666667,0.5472598343292241,0.4666666666666667
6,0.85,195,0.45,0.43666666666666665,0.11333333333333333,0.5364307028674513,0.45
6,0.85,196,0.4533333333333333,0.46,0.08666666666666667,0.5247768080975869,0.46
6,0.85,197,0.43,0.43,0.14,0.5223184529506306,0.43
6,0.85,198,0.44,0.42333333333333334,0.13666666666666666,0.5896926150448274,0.44
6,0.85,199,0.5033333333333333,0.37666666666666665,0.12,0.5853752191287789,0.5033333333333333
6,0.85,200,0.46,0.43,0.11,0.5281509267114528,0.46
6,0.85,201,0.4866666666666667,0.4066666666666667,0.10666666666666667,0.5487672628593372,0.4866666666666667
6,0.85,202,0.44666666666666666,0.45666666666666667,0.09666666666666666,0.5712917826935332,0.45666666666666667
6,0.85,203,0.45,0.43,0.12,0.563359539797343,0.45
6,0.85,204,0.43,0.47,0.1,0.5124305942243189,0.47
6,0.85,205,0.42,0.44,0.14,0.5248107552369355,0.44
6,0.85,206,0.45,0.41,0.14,0.5157741466991342,0.45
6,0.85,207,0.4266666666666667,0.45,0.12333333333333334,0.5925388415841273,0.45
6,0.85,208,0.44,0.48,0.08,0.5662593739394701,0.48
6,0.85,209,0.47333333333333333,0.42,0.10666666666666667,0.5513606424383486,0.47333333333333333
6,0.85,210,0.43666666666666665,0.45666666666666667,0.10666666666666667,0.5510769533869586,0.45666666666666667
6,0.85,211,0.3933333333333333,0.49,0.11666666666666667,0.5352595636962836,0.49
6,0.85,212,0.4633333333333333,0.4266666666666667,0.11,0.5393422260622722,0.4633333333333333
6,0.85,213,0.4766666666666667,0.41,0.11333333333333333,0.5291393468503732,0.4766666666666667
6,0.85,214,0.4,0.5133333333333333,0.08666666666666667,0.5267141812675663,0.5133333333333333
6,0.85,215,0.46,0.4,0.14,0.586324117055461,0.46
6,0.85,216,0.45666666666666667,0.4266666666666667,0.11666666666666667,0.5599749569058824,0.45666666666666667
6,0.85,217,0.43333333333333335,0.44666666666666666,0.12,0.5042579073459564,0.44666666666666666
6,0.85,218,0.46,0.47,0.07,0.5459989634863625,0.47
6,0.85,219,0.4633333333333333,0.42,0.11666666666666667,0.5360800630544963,0.4633333333333333
6,0.85,220,0.43,0.4266666666666667,0.14333333333333334,0.5411542706035907,0.43
6,0.85,221,0.44333333333333336,0.45666666666666667,0.1,0.5646888563979727,0.45666666666666667
6,0.85,222,0.45666666666666667,0.45666666666666667,0.08666666666666667,0.5352893063031073,0.45666666666666667
6,0.85,223,0.45666666666666667,0.42333333333333334,0.12,0.5396854736040637,0.45666666666666667
6,0.85,224,0.46,0.41,0.13,0.5465885237914354,0.46
6,0.85,225,0.3933333333333333,0.48333333333333334,0.12333333333333334,0.5630820135975066,0.48333333333333334
6,0.85,226,0.43,0.44666666666666666,0.12333333333333334,0.5481863585467134,0.44666666666666666
6,0.85,227,0.4266666666666667,0.43333333333333335,0.14,0.558965161778909,0.43333333333333335
6,0.85,228,0.44333333333333336,0.46,0.09666666666666666,0.5823341426540218,0.46
6,0.85,229,0.45666666666666667,0.42,0.12333333333333334,0.5482671250121451,0.45666666666666667
6,0.85,230,0.45666666666666667,0.42333333333333334,0.12,0.5638495600310206,0.45666666666666667
6,0.85,231,0.4,0.4666666666666667,0.13333333333333333,0.5476928878997444,0.4666666666666667
6,0.85,232,0.4766666666666667,0.41333333333333333,0.11,0.5659240892136623,0.4766666666666667
6,0.85,233,0.4533333333333333,0.3933333333333333,0.15333333333333332,0.5527634432781882,0.4533333333333333
6,0.85,234,0.44,0.4533333333333333,0.10666666666666667,0.5701812385164888,0.4533333333333333
6,0.85,235,0.44333333333333336,0.45666666666666667,0.1,0.5245266294832887,0.45666666666666667
6,0.85,236,0.39,0.47333333333333333,0.13666666666666666,0.5499542211301397,0.47333333333333333
6,0.85,237,0.42,0.4633333333333333,0.11666666666666667,0.5424145768887574,0.4633333333333333
6,0.85,238,0.4066666666666667,0.45666666666666667,0.13666666666666666,0.5245257381153141,0.45666666666666667
6,0.85,239,0.4533333333333333,0.43333333333333335,0.11333333333333333,0.577998345317554,0.4533333333333333
6,0.85,240,0.4533333333333333,0.4,0.14666666666666667,0.546643997430639,0.4533333333333333
6,0.85,241,0.4766666666666667,0.41333333333333333,0.11,0.5386385018101911,0.4766666666666667
6,0.85,242,0.4666666666666667,0.42333333333333334,0.11,0.569562516880463,0.4666666666666667
6,0.85,243,0.4533333333333333,0.44333333333333336,0.10333333333333333,0.5383008386754582,0.4533333333333333
6,0.85,244,0.45666666666666667,0.4533333333333333,0.09,0.5292361590931801,0.45666666666666667
6,0.85,245,0.41333333333333333,0.43666666666666665,0.15,0.5420946833487081,0.43666666666666665
6,0.85,246,0.45,0.42333333333333334,0.12666666666666668,0.5759659789501284,0.45
6,0.85,247,0.42,0.45,0.13,0.548383516694809,0.45
6,0.85,248,0.4866666666666667,0.41,0.10333333333333333,0.5721107686930338,0.4866666666666667
6,0.85,249,0.4,0.4866666666666667,0.11333333333333333,0.56003865102368,0.4866666666666667
6,0.85,250,0.44333333333333336,0.44333333333333336,0.11333333333333333,0.5430102610552526,0.44333333333333336
6,0.85,251,0.46,0.44,0.1,0.5482262247805858,0.46
6,0.85,252,0.45666666666666667,0.39666666666666667,0.14666666666666667,0.533757354847432,0.45666666666666667
6,0.85,253,0.44,0.4666666666666667,0.09333333333333334,0.5508511313202303,0.4666666666666667
6,0.85,254,0.46,0.43333333333333335,0.10666666666666667,0.5108974919301602,0.46
6,0.85,255,0.46,0.4266666666666667,0.11333333333333333,0.5312310961733158,0.46
6,0.85,256,0.46,0.44666666666666666,0.09333333333333334,0.5295509333218811,0.46
6,0.85,257,0.46,0.4533333333333333,0.08666666666666667,0.5536088096228302,0.46
6,0.85,258,0.45,0.4166666666666667,0.13333333333333333,0.5261842780649223,0.45
6,0.85,259,0.44333333333333336,0.43333333333333335,0.12333333333333334,0.5504820306619319,0.44333333333333336
6,0.85,260,0.45,0.44,0.11,0.5726624267209587,0.45
6,0.85,261,0.41333333333333333,0.46,0.12666666666666668,0.5302996756902678,0.46
6,0.85,262,0.45666666666666667,0.44,0.10333333333333333,0.5787854598520901,0.45666666666666667
6,0.85,263,0.41333333333333333,0.4633333333333333,0.12333333333333334,0.5404429761301013,0.4633333333333333
6,0.85,264,0.36666666666666664,0.47,0.16333333333333333,0.5148004332344186,0.47
6,0.85,265,0.4633333333333333,0.4266666666666667,0.11,0.5418491009590056,0.4633333333333333
6,0.85,266,0.39,0.48333333333333334,0.12666666666666668,0.5627625126070787,0.48333333333333334
6,0.85,267,0.4766666666666667,0.3933333333333333,0.13,0.5359296753262367,0.4766666666666667
6,0.85,268,0.42333333333333334,0.47333333333333333,0.10333333333333333,0.5361490928624528,0.47333333333333333
6,0.85,269,0.3933333333333333,0.47,0.13666666666666666,0.5202277938678372,0.47
6,0.85,270,0.48333333333333334,0.41,0.10666666666666667,0.5871918459219543,0.48333333333333334
6,0.85,271,0.44333333333333336,0.4166666666666667,0.14,0.5747005403672681,0.44333333333333336
6,0.85,272,0.44333333333333336,0.44,0.11666666666666667,0.5197987540234202,0.44333333333333336
6,0.85,273,0.4066666666666667,0.47333333333333333,0.12,0.5544537829953395,0.47333333333333333
6,0.85,274,0.47,0.41,0.12,0.5400144067112346,0.47
6,0.85,275,0.47,0.42,0.11,0.5278650957145242,0.47
6,0.85,276,0.4633333333333333,0.41,0.12666666666666668,0.5840934913299475,0.4633333333333333
6,0.85,277,0.44,0.44666666666666666,0.11333333333333333,0.5733919249301196,0.44666666666666666
6,0.85,278,0.44,0.4766666666666667,0.08333333333333333,0.51808062285213,0.4766666666666667
6,0.85,279,0.44333333333333336,0.45,0.10666666666666667,0.5335359386550697,0.45
6,0.85,280,0.46,0.4266666666666667,0.11333333333333333,0.5596574965508222,0.46
6,0.85,281,0.45666666666666667,0.4166666666666667,0.12666666666666668,0.5376956397922739,0.45666666666666667
6,0.85,282,0.45666666666666667,0.4166666666666667,0.12666666666666668,0.5546860981880559,0.45666666666666667
6,0.85,283,0.4666666666666667,0.3933333333333333,0.14,0.57706495928896,0.4666666666666667
6,0.85,284,0.4266666666666667,0.48333333333333334,0.09,0.5474758478804549,0.48333333333333334
6,0.85,285,0.43666666666666665,0.4533333333333333,0.11,0.5481711788275265,0.4533333333333333
6,0.85,286,0.4166666666666667,0.4766666666666667,0.10666666666666667,0.5652558285328375,0.4766666666666667
6,0.85,287,0.4666666666666667,0.41333333333333333,0.12,0.5523339789220962,0.4666666666666667
6,0.85,288,0.42333333333333334,0.45666666666666667,0.12,0.542386372983927,0.45666666666666667
6,0.85,289,0.4766666666666667,0.43333333333333335,0.09,0.5505738932476256,0.4766666666666667
6,0.85,290,0.42333333333333334,0.48333333333333334,0.09333333333333334,0.5498441156731861,0.48333333333333334
6,0.85,291,0.43666666666666665,0.48,0.08333333333333333,0.5231340346893596,0.48
6,0.85,292,0.4266666666666667,0.43666666666666665,0.13666666666666666,0.5340161218391006,0.43666666666666665
6,0.85,293,0.5133333333333333,0.35,0.13666666666666666,0.5908066583290901,0.5133333333333333
6,0.85,294,0.43666666666666665,0.41333333333333333,0.15,0.5759769502031516,0.43666666666666665
6,0.85,295,0.41333333333333333,0.47,0.11666666666666667,0.5568861983039215,0.47
6,0.85,296,0.4533333333333333,0.42333333333333334,0.12333333333333334,0.5867286016366651,0.4533333333333333
6,0.85,297,0.44666666666666666,0.4633333333333333,0.09,0.5482007006552458,0.4633333333333333
6,0.85,298,0.4766666666666667,0.38666666666666666,0.13666666666666666,0.5296765105823364,0.4766666666666667
6,0.85,299,0.4033333333333333,0.5,0.09666666666666666,0.5394046883692897,0.5
6,0.85,300,0.44666666666666666,0.43666666666666665,0.11666666666666667,0.5839243882801336,0.44666666666666666
6,0.85,301,0.4166666666666667,0.42333333333333334,0.16,0.5683890243081298,0.42333333333333334
6,0.85,302,0.46,0.4266666666666667,0.11333333333333333,0.5380883391642152,0.46
6,0.85,303,0.4,0.5133333333333333,0.08666666666666667,0.525418337987447,0.5133333333333333
6,0.85,304,0.47,0.4166666666666667,0.11333333333333333,0.5375477926761896,0.47
6,0.85,305,0.42,0.45666666666666667,0.12333333333333334,0.5757732682060062,0.45666666666666667
6,0.85,306,0.47,0.3933333333333333,0.13666666666666666,0.5334000464440514,0.47
6,0.85,307,0.39666666666666667,0.4633333333333333,0.14,0.5727287226918052,0.4633333333333333
6,0.85,308,0.43666666666666665,0.46,0.10333333333333333,0.536520621218543,0.46
6,0.85,309,0.4533333333333333,0.43333333333333335,0.11333333333333333,0.5607689913861238,0.4533333333333333
6,0.85,310,0.38666666666666666,0.44666666666666666,0.16666666666666666,0.5476599609357854,0.44666666666666666
6,0.85,311,0.4533333333333333,0.43,0.11666666666666667,0.5519560657829107,0.4533333333333333
6,0.85,312,0.4633333333333333,0.44,0.09666666666666666,0.5719878235745188,0.4633333333333333
6,0.85,313,0.43333333333333335,0.45666666666666667,0.11,0.5329289222662683,0.45666666666666667
6,0.85,314,0.45666666666666667,0.44,0.10333333333333333,0.5471393328769745,0.45666666666666667
6,0.85,315,0.45666666666666667,0.43666666666666665,0.10666666666666667,0.5951468481072045,0.45666666666666667
6,0.85,316,0.45,0.44666666666666666,0.10333333333333333,0.5607849151436007,0.45
6,0.85,317,0.42333333333333334,0.4766666666666667,0.1,0.576189553663641,0.4766666666666667
6,0.85,318,0.41,0.48,0.11,0.5516174018445646,0.48
6,0.85,319,0.4266666666666667,0.42,0.15333333333333332,0.5193173361782251,0.4266666666666667
6,0.85,320,0.47,0.4266666666666667,0.10333333333333333,0.541851955389589,0.47
6,0.85,321,0.44333333333333336,0.44666666666666666,0.11,0.5365576503460103,0.44666666666666666
6,0.85,322,0.48333333333333334,0.41333333333333333,0.10333333333333333,0.5323174753077297,0.48333333333333334
6,0.85,323,0.42333333333333334,0.4533333333333333,0.12333333333333334,0.5261725648831648,0.4533333333333333
6,0.85,324,0.43,0.4266666666666667,0.14333333333333334,0.5262555599701365,0.43
6,0.85,325,0.4533333333333333,0.45666666666666667,0.09,0.5318688155954129,0.45666666666666667
6,0.85,326,0.4633333333333333,0.41333333333333333,0.12333333333333334,0.5574732937165282,0.4633333333333333
6,0.85,327,0.42,0.4533333333333333,0.12666666666666668,0.5788430379251973,0.4533333333333333
6,0.85,328,0.4033333333333333,0.47333333333333333,0.12333333333333334,0.5400180855390988,0.47333333333333333
6,0.85,329,0.45666666666666667,0.41333333333333333,0.13,0.5351267239650136,0.45666666666666667
6,0.85,330,0.42,0.45,0.13,0.5107665182114535,0.45
6,0.85,331,0.4666666666666667,0.4033333333333333,0.13,0.5260607487833385,0.4666666666666667
6,0.85,332,0.46,0.43,0.11,0.5365924320476809,0.46
6,0.85,333,0.36333333333333334,0.5066666666666667,0.13,0.5345494263468805,0.5066666666666667
6,0.85,334,0.47,0.4,0.13,0.5645922300309544,0.47
6,0.85,335,0.43666666666666665,0.44666666666666666,0.11666666666666667,0.5539754372216245,0.44666666666666666
6,0.85,336,0.4766666666666667,0.41,0.11333333333333333,0.5609734406311924,0.4766666666666667
6,0.85,337,0.47,0.4633333333333333,0.06666666666666667,0.5821909517512732,0.47
6,0.85,338,0.49,0.42333333333333334,0.08666666666666667,0.567183377764135,0.49
6,0.85,339,0.43333333333333335,0.46,0.10666666666666667,0.5831798183173248,0.46
6,0.85,340,0.4,0.48,0.12,0.5308422418263816,0.48
6,0.85,341,0.44333333333333336,0.4266666666666667,0.13,0.5418852531137588,0.44333333333333336
6,0.85,342,0.4633333333333333,0.44,0.09666666666666666,0.5669497797410731,0.4633333333333333
6,0.85,343,0.4166666666666667,0.4666666666666667,0.11666666666666667,0.5395662265433715,0.4666666666666667
6,0.85,344,0.42333333333333334,0.43333333333333335,0.14333333333333334,0.5362408827700743,0.43333333333333335
6,0.85,345,0.43666666666666665,0.4266666666666667,0.13666666666666666,0.572030577661632,0.43666666666666665
6,0.85,346,0.42333333333333334,0.4633333333333333,0.11333333333333333,0.554398788346905,0.4633333333333333
6,0.85,347,0.48333333333333334,0.42333333333333334,0.09333333333333334,0.50558431905975,0.48333333333333334
6,0.85,348,0.4,0.45666666666666667,0.14333333333333334,0.534056938120525,0.45666666666666667
6,0.85,349,0.5,0.3566666666666667,0.14333333333333334,0.5398379884873626,0.5
6,0.85,350,0.38333333333333336,0.49,0.12666666666666668,0.5182941811192712,0.49
6,0.85,351,0.41333333333333333,0.44666666666666666,0.14,0.5697151968569973,0.44666666666666666
6,0.85,352,0.43666666666666665,0.4633333333333333,0.1,0.5422410349892052,0.4633333333333333
6,0.85,353,0.48333333333333334,0.39666666666666667,0.12,0.5851530159050453,0.48333333333333334
6,0.85,354,0.44,0.45666666666666667,0.10333333333333333,0.5220772852618876,0.45666666666666667
6,0.85,355,0.4533333333333333,0.42,0.12666666666666668,0.5204847537586798,0.4533333333333333
6,0.85,356,0.43,0.47,0.1,0.5336447380936045,0.47
6,0.85,357,0.46,0.42,0.12,0.5447892604190784,0.46
6,0.85,358,0.45666666666666667,0.44666666666666666,0.09666666666666666,0.5774847709338595,0.45666666666666667
6,0.85,359,0.44666666666666666,0.43,0.12333333333333334,0.5450227158476139,0.44666666666666666
6,0.85,360,0.4066666666666667,0.4633333333333333,0.13,0.5345763656512245,0.4633333333333333
6,0.85,361,0.4766666666666667,0.4,0.12333333333333334,0.5402538344563124,0.4766666666666667
6,0.85,362,0.43,0.47,0.1,0.529078501666154,0.47
6,0.85,363,0.48333333333333334,0.38,0.13666666666666666,0.5693842215414631,0.48333333333333334
6,0.85,364,0.4,0.48333333333333334,0.11666666666666667,0.5779002073495522,0.48333333333333334
6,0.85,365,0.44333333333333336,0.43666666666666665,0.12,0.5623674328007597,0.44333333333333336
6,0.85,366,0.43666666666666665,0.45666666666666667,0.10666666666666667,0.5553999033623999,0.45666666666666667
6,0.85,367,0.41333333333333333,0.4666666666666667,0.12,0.5130183391009346,0.4666666666666667
6,0.85,368,0.4866666666666667,0.4,0.11333333333333333,0.555106304575119,0.4866666666666667
6,0.85,369,0.43666666666666665,0.43333333333333335,0.13,0.5313384052085761,0.43666666666666665
6,0.85,370,0.4766666666666667,0.39666666666666667,0.12666666666666668,0.5766178351722269,0.4766666666666667
6,0.85,371,0.42333333333333334,0.4666666666666667,0.11,0.5654058734646719,0.4666666666666667
6,0.85,372,0.45,0.43666666666666665,0.11333333333333333,0.5596449144086117,0.45
6,0.85,373,0.44,0.45,0.11,0.5945494969187107,0.45
6,0.85,374,0.44666666666666666,0.44,0.11333333333333333,0.5537936087620886,0.44666666666666666
6,0.85,375,0.5,0.38333333333333336,0.11666666666666667,0.544384348947176,0.5
6,0.85,376,0.39666666666666667,0.5133333333333333,0.09,0.5330996923115215,0.5133333333333333
6,0.85,377,0.4633333333333333,0.4166666666666667,0.12,0.5432492953285831,0.4633333333333333
6,0.85,378,0.43333333333333335,0.44666666666666666,0.12,0.5417547151269527,0.44666666666666666
6,0.85,379,0.43666666666666665,0.4266666666666667,0.13666666666666666,0.51367482616256,0.43666666666666665
6,0.85,380,0.42333333333333334,0.43,0.14666666666666667,0.5395111856977358,0.43
6,0.85,381,0.44666666666666666,0.43,0.12333333333333334,0.5504156940718156,0.44666666666666666
6,0.85,382,0.44666666666666666,0.4166666666666667,0.13666666666666666,0.5646214331615579,0.44666666666666666
6,0.85,383,0.43333333333333335,0.4666666666666667,0.1,0.5376238314053097,0.4666666666666667
6,0.85,384,0.4033333333333333,0.45666666666666667,0.14,0.5747641406604728,0.45666666666666667
6,0.85,385,0.44,0.42,0.14,0.5440539582444767,0.44
6,0.85,386,0.47,0.4033333333333333,0.12666666666666668,0.5414576522027842,0.47
6,0.85,387,0.4266666666666667,0.4766666666666667,0.09666666666666666,0.5600207946391708,0.4766666666666667
6,0.85,388,0.4266666666666667,0.4866666666666667,0.08666666666666667,0.5711558735646032,0.4866666666666667
6,0.85,389,0.49,0.38,0.13,0.5362001189879793,0.49
6,0.85,390,0.43666666666666665,0.4266666666666667,0.13666666666666666,0.5438517560120583,0.43666666666666665
6,0.85,391,0.44333333333333336,0.41,0.14666666666666667,0.5389477009549345,0.44333333333333336
6,0.85,392,0.4266666666666667,0.49666666666666665,0.07666666666666666,0.5720089545550434,0.49666666666666665
6,0.85,393,0.4033333333333333,0.47,0.12666666666666668,0.5573163761255469,0.47
6,0.85,394,0.49,0.4066666666666667,0.10333333333333333,0.5238654456052056,0.49
6,0.85,395,0.46,0.4066666666666667,0.13333333333333333,0.5500786603431778,0.46
6,0.85,396,0.43333333333333335,0.4766666666666667,0.09,0.5324622219019642,0.4766666666666667
6,0.85,397,0.42,0.4633333333333333,0.11666666666666667,0.515690108788903,0.4633333333333333
6,0.85,398,0.4266666666666667,0.43666666666666665,0.13666666666666666,0.570573984805291,0.43666666666666665
6,0.85,399,0.42333333333333334,0.43666666666666665,0.14,0.529334021158963,0.43666666666666665
6,0.85,400,0.46,0.43666666666666665,0.10333333333333333,0.5496452268647832,0.46
6,0.85,401,0.4,0.49666666666666665,0.10333333333333333,0.5238648831637045,0.49666666666666665
6,0.85,402,0.4533333333333333,0.42333333333333334,0.12333333333333334,0.5768723685622047,0.4533333333333333
6,0.85,403,0.45,0.41333333333333333,0.13666666666666666,0.5403213143386394,0.45
6,0.85,404,0.45666666666666667,0.4166666666666667,0.12666666666666668,0.5622457238517039,0.45666666666666667
6,0.85,405,0.4033333333333333,0.49333333333333335,0.10333333333333333,0.5504336252253628,0.49333333333333335
6,0.85,406,0.4,0.5,0.1,0.5516343355567264,0.5
6,0.85,407,0.48,0.38333333333333336,0.13666666666666666,0.5578322055199163,0.48
6,0.85,408,0.48333333333333334,0.41,0.10666666666666667,0.5516817392380795,0.48333333333333334
6,0.85,409,0.42,0.4666666666666667,0.11333333333333333,0.5445154791741468,0.4666666666666667
6,0.85,410,0.43666666666666665,0.4533333333333333,0.11,0.5313732753113655,0.4533333333333333
6,0.85,411,0.4066666666666667,0.48,0.11333333333333333,0.5515346317531152,0.48
6,0.85,412,0.46,0.42,0.12,0.5469922714015619,0.46
6,0.85,413,0.4633333333333333,0.38666666666666666,0.15,0.576422627621781,0.4633333333333333
6,0.85,414,0.4533333333333333,0.43666666666666665,0.11,0.5488097240382729,0.4533333333333333
6,0.85,415,0.43,0.4533333333333333,0.11666666666666667,0.5069848465766703,0.4533333333333333
6,0.85,416,0.39666666666666667,0.47,0.13333333333333333,0.5561722647572027,0.47
6,0.85,417,0.5133333333333333,0.3933333333333333,0.09333333333333334,0.5331535856156019,0.5133333333333333
6,0.85,418,0.41333333333333333,0.44,0.14666666666666667,0.5526880562057855,0.44
6,0.85,419,0.42333333333333334,0.47,0.10666666666666667,0.5536423171340287,0.47
6,0.85,420,0.43,0.4533333333333333,0.11666666666666667,0.5565032851195377,0.4533333333333333
6,0.85,421,0.4666666666666667,0.39,0.14333333333333334,0.5736825356383255,0.4666666666666667
6,0.85,422,0.45,0.4266666666666667,0.12333333333333334,0.5822868336279049,0.45
6,0.85,423,0.42333333333333334,0.4633333333333333,0.11333333333333333,0.5535074217337116,0.4633333333333333
6,0.85,424,0.43666666666666665,0.4766666666666667,0.08666666666666667,0.5605606568440634,0.4766666666666667
6,0.85,425,0.47,0.38,0.15,0.510317325591955,0.47
6,0.85,426,0.4666666666666667,0.42,0.11333333333333333,0.5227245791858799,0.4666666666666667
6,0.85,427,0.43333333333333335,0.43666666666666665,0.13,0.5425283830083959,0.43666666666666665
6,0.85,428,0.47,0.4,0.13,0.519355659545773,0.47
6,0.85,429,0.42,0.46,0.12,0.5521526392387608,0.46
6,0.85,430,0.46,0.43333333333333335,0.10666666666666667,0.5575333100881565,0.46
6,0.85,431,0.43,0.4633333333333333,0.10666666666666667,0.5344044557525265,0.4633333333333333
6,0.85,432,0.4866666666666667,0.4,0.11333333333333333,0.5756061334305628,0.4866666666666667
6,0.85,433,0.43,0.47,0.1,0.5817521718158247,0.47
6,0.85,434,0.49666666666666665,0.44333333333333336,0.06,0.5647657724577185,0.49666666666666665
6,0.85,435,0.4166666666666667,0.46,0.12333333333333334,0.5542509716976688,0.46
6,0.85,436,0.44333333333333336,0.43333333333333335,0.12333333333333334,0.5124997051143172,0.44333333333333336
6,0.85,437,0.4166666666666667,0.4633333333333333,0.12,0.5091733618090883,0.4633333333333333
6,0.85,438,0.48,0.37,0.15,0.535116990968859,0.48
6,0.85,439,0.4766666666666667,0.41,0.11333333333333333,0.5252998189309719,0.4766666666666667
6,0.85,440,0.35333333333333333,0.5233333333333333,0.12333333333333334,0.5149003454071848,0.5233333333333333
6,0.85,441,0.42333333333333334,0.4533333333333333,0.12333333333333334,0.5185389864525852,0.4533333333333333
6,0.85,442,0.45666666666666667,0.41,0.13333333333333333,0.5440611661228765,0.45666666666666667
6,0.85,443,0.43333333333333335,0.47333333333333333,0.09333333333333334,0.5504876449268619,0.47333333333333333
6,0.85,444,0.44666666666666666,0.42333333333333334,0.13,0.5681260783335494,0.44666666666666666
6,0.85,445,0.42333333333333334,0.42333333333333334,0.15333333333333332,0.5727345321126222,0.42333333333333334
6,0.85,446,0.4533333333333333,0.41,0.13666666666666666,0.541998461786221,0.4533333333333333
6,0.85,447,0.43,0.46,0.11,0.5820299218656301,0.46
6,0.85,448,0.4533333333333333,0.4266666666666667,0.12,0.5522388540927782,0.4533333333333333
6,0.85,449,0.4666666666666667,0.43,0.10333333333333333,0.5442964261379709,0.4666666666666667
6,0.85,450,0.4533333333333333,0.43,0.11666666666666667,0.5587050898390609,0.4533333333333333
6,0.85,451,0.43666666666666665,0.43,0.13333333333333333,0.5602114306036581,0.43666666666666665
6,0.85,452,0.43,0.45,0.12,0.5449318250968122,0.45
6,0.85,453,0.46,0.44666666666666666,0.09333333333333334,0.5587276195829314,0.46
6,0.85,454,0.44,0.44333333333333336,0.11666666666666667,0.5374827843142115,0.44333333333333336
6,0.85,455,0.4866666666666667,0.41333333333333333,0.1,0.5519934643448053,0.4866666666666667
6,0.85,456,0.42,0.45666666666666667,0.12333333333333334,0.5659339967132185,0.45666666666666667
6,0.85,457,0.49,0.43333333333333335,0.07666666666666666,0.5558224686968856,0.49
6,0.85,458,0.4166666666666667,0.4666666666666667,0.11666666666666667,0.5933937835989912,0.4666666666666667
6,0.85,459,0.46,0.41333333333333333,0.12666666666666668,0.5320323359689182,0.46
6,0.85,460,0.4066666666666667,0.49333333333333335,0.1,0.5874195636422288,0.49333333333333335
6,0.85,461,0.47333333333333333,0.41,0.11666666666666667,0.5310614734052156,0.47333333333333333
6,0.85,462,0.47333333333333333,0.4166666666666667,0.11,0.5175216439530566,0.47333333333333333
6,0.85,463,0.43666666666666665,0.45,0.11333333333333333,0.5262154007229041,0.45
6,0.85,464,0.5,0.38666666666666666,0.11333333333333333,0.5669316740718655,0.5
6,0.85,465,0.42,0.44333333333333336,0.13666666666666666,0.5421726194747285,0.44333333333333336
6,0.85,466,0.43666666666666665,0.44,0.12333333333333334,0.5410240938246044,0.44
6,0.85,467,0.4633333333333333,0.44666666666666666,0.09,0.5893632931918857,0.4633333333333333
6,0.85,468,0.45,0.44666666666666666,0.10333333333333333,0.5269815705654529,0.45
6,0.85,469,0.44666666666666666,0.48333333333333334,0.07,0.5535210104352967,0.48333333333333334
6,0.85,470,0.45666666666666667,0.43,0.11333333333333333,0.541810952318503,0.45666666666666667
6,0.85,471,0.43,0.43666666666666665,0.13333333333333333,0.572778600553596,0.43666666666666665
6,0.85,472,0.45,0.43,0.12,0.5757123250639118,0.45
6,0.85,473,0.4033333333333333,0.4766666666666667,0.12,0.5684538724219469,0.4766666666666667
6,0.85,474,0.44333333333333336,0.4266666666666667,0.13,0.5654921410727812,0.44333333333333336
6,0.85,475,0.4533333333333333,0.43666666666666665,0.11,0.5666508843968484,0.4533333333333333
6,0.85,476,0.43,0.48,0.09,0.5712999105696223,0.48
6,0.85,477,0.45,0.4033333333333333,0.14666666666666667,0.56717849335323,0.45
6,0.85,478,0.41333333333333333,0.4533333333333333,0.13333333333333333,0.5780860333973827,0.4533333333333333
6,0.85,479,0.48333333333333334,0.37333333333333335,0.14333333333333334,0.5014203357695828,0.48333333333333334
6,0.85,480,0.42,0.4533333333333333,0.12666666666666668,0.5149716645628413,0.4533333333333333
6,0.85,481,0.43666666666666665,0.4266666666666667,0.13666666666666666,0.5422645541868722,0.43666666666666665
6,0.85,482,0.46,0.4166666666666667,0.12333333333333334,0.578018531441094,0.46
6,0.85,483,0.42333333333333334,0.4666666666666667,0.11,0.550663265161614,0.4666666666666667
6,0.85,484,0.45666666666666667,0.4066666666666667,0.13666666666666666,0.5489538124628874,0.45666666666666667
6,0.85,485,0.4066666666666667,0.48,0.11333333333333333,0.5392037077659555,0.48
6,0.85,486,0.51,0.39,0.1,0.5267442665492437,0.51
6,0.85,487,0.41,0.47,0.12,0.5846363308615459,0.47
6,0.85,488,0.47333333333333333,0.4,0.12666666666666668,0.5371339402474028,0.47333333333333333
6,0.85,489,0.38,0.5366666666666666,0.08333333333333333,0.5559081509679235,0.5366666666666666
6,0.85,490,0.45666666666666667,0.41333333333333333,0.13,0.5280915182128442,0.45666666666666667
6,0.85,491,0.44,0.4066666666666667,0.15333333333333332,0.5730009284336298,0.44
6,0.85,492,0.47,0.43,0.1,0.5436531820523457,0.47
6,0.85,493,0.4066666666666667,0.47,0.12333333333333334,0.5516669450065432,0.47
6,0.85,494,0.4033333333333333,0.4666666666666667,0.13,0.5195442542243711,0.4666666666666667
6,0.85,495,0.4633333333333333,0.42,0.11666666666666667,0.5837553458724979,0.4633333333333333
6,0.85,496,0.51,0.38333333333333336,0.10666666666666667,0.5631913543830603,0.51
6,0.85,497,0.44333333333333336,0.45666666666666667,0.1,0.5417844725908468,0.45666666666666667
6,0.85,498,0.4166666666666667,0.4666666666666667,0.11666666666666667,0.5245800345363091,0.4666666666666667
6,0.85,499,0.4266666666666667,0.42,0.15333333333333332,0.5711778240212667,0.4266666666666667
7,0.9,0,0.3466666666666667,0.27666666666666667,0.37666666666666665,0.5570237273520687,0.37666666666666665
7,0.9,1,0.33666666666666667,0.3233333333333333,0.34,0.5437317787491819,0.34
7,0.9,2,0.31333333333333335,0.3333333333333333,0.35333333333333333,0.5699729220832755,0.35333333333333333
7,0.9,3,0.3233333333333333,0.6166666666666667,0.06,0.5083671923987351,0.6166666666666667
7,0.9,4,0.4533333333333333,0.44666666666666666,0.1,0.576026577481938,0.4533333333333333
7,0.9,5,0.42,0.45666666666666667,0.12333333333333334,0.5300493423175016,0.45666666666666667
7,0.9,6,0.4633333333333333,0.4066666666666667,0.13,0.5378349748851421,0.4633333333333333
7,0.9,7,0.37,0.5133333333333333,0.11666666666666667,0.5788664946931884,0.5133333333333333
7,0.9,8,0.44666666666666666,0.42,0.13333333333333333,0.5635609218495549,0.44666666666666666
7,0.9,9,0.37666666666666665,0.5266666666666666,0.09666666666666666,0.585680014593761,0.5266666666666666
7,0.9,10,0.42333333333333334,0.43333333333333335,0.14333333333333334,0.5408113335718236,0.43333333333333335
7,0.9,11,0.42333333333333334,0.47333333333333333,0.10333333333333333,0.5229693911945756,0.47333333333333333
7,0.9,12,0.4033333333333333,0.44333333333333336,0.15333333333333332,0.534257346176903,0.44333333333333336
7,0.9,13,0.38333333333333336,0.46,0.15666666666666668,0.5498707268683669,0.46
7,0.9,14,0.44,0.39666666666666667,0.16333333333333333,0.5160620820924781,0.44
7,0.9,15,0.4633333333333333,0.39666666666666667,0.14,0.5907768699811119,0.4633333333333333
7,0.9,16,0.37333333333333335,0.5033333333333333,0.12333333333333334,0.5588767272762725,0.5033333333333333
7,0.9,17,0.4033333333333333,0.4666666666666667,0.13,0.5577170909486937,0.4666666666666667
7,0.9,18,0.4066666666666667,0.5066666666666667,0.08666666666666667,0.5563382625651955,0.5066666666666667
7,0.9,19,0.47333333333333333,0.4033333333333333,0.12333333333333334,0.5040710803775597,0.47333333333333333
7,0.9,20,0.48,0.42,0.1,0.5327283041492721,0.48
7,0.9,21,0.4033333333333333,0.45,0.14666666666666667,0.5467825311203662,0.45
7,0.9,22,0.39,0.49333333333333335,0.11666666666666667,0.5467561035525933,0.49333333333333335
7,0.9,23,0.41333333333333333,0.46,0.12666666666666668,0.5753316653353708,0.46
7,0.9,24,0.44,0.45666666666666667,0.10333333333333333,0.5334074164208721,0.45666666666666667
7,0.9,25,0.41,0.4866666666666667,0.10333333333333333,0.5294051717496934,0.4866666666666667
7,0.9,26,0.45,0.42333333333333334,0.12666666666666668,0.5221251522232327,0.45
7,0.9,27,0.45666666666666667,0.44666666666666666,0.09666666666666666,0.5523472859801687,0.45666666666666667
7,0.9,28,0.41,0.47333333333333333,0.11666666666666667,0.5565950416382934,0.47333333333333333
7,0.9,29,0.37666666666666665,0.4866666666666667,0.13666666666666666,0.5536867553151503,0.4866666666666667
7,0.9,30,0.46,0.4033333333333333,0.13666666666666666,0.533361006519549,0.46
7,0.9,31,0.42,0.46,0.12,0.5422046979179304,0.46
7,0.9,32,0.4166666666666667,0.43,0.15333333333333332,0.5209546113672064,0.43
7,0.9,33,0.4033333333333333,0.4633333333333333,0.13333333333333333,0.5715958624488138,0.4633333333333333
7,0.9,34,0.42,0.49,0.09,0.5520194351054202,0.49
7,0.9,35,0.4033333333333333,0.45666666666666667,0.14,0.5495953183944734,0.45666666666666667
7,0.9,36,0.4266666666666667,0.43,0.14333333333333334,0.5690979053774989,0.43
7,0.9,37,0.44666666666666666,0.43,0.12333333333333334,0.5685706993197974,0.44666666666666666
7,0.9,38,0.41333333333333333,0.5,0.08666666666666667,0.5359015348591224,0.5
7,0.9,39,0.43333333333333335,0.45666666666666667,0.11,0.543827485967956,0.45666666666666667
7,0.9,40,0.41333333333333333,0.45,0.13666666666666666,0.5711271303660264,0.45
7,0.9,41,0.44,0.42,0.14,0.5249735190782662,0.44
7,0.9,42,0.42,0.47,0.11,0.5333182773046695,0.47
7,0.9,43,0.4,0.45666666666666667,0.14333333333333334,0.5544885428027556,0.45666666666666667
7,0.9,44,0.4533333333333333,0.43,0.11666666666666667,0.5357638680241668,0.4533333333333333
7,0.9,45,0.47333333333333333,0.39666666666666667,0.13,0.5708833665572667,0.47333333333333333
7,0.9,46,0.43333333333333335,0.4666666666666667,0.1,0.5549524755030036,0.4666666666666667
7,0.9,47,0.44333333333333336,0.43666666666666665,0.12,0.5493715963566888,0.44333333333333336
7,0.9,48,0.39666666666666667,0.48333333333333334,0.12,0.5868128359068844,0.48333333333333334
7,0.9,49,0.44666666666666666,0.43333333333333335,0.12,0.5341805415157662,0.44666666666666666
7,0.9,50,0.44,0.44333333333333336,0.11666666666666667,0.5895244676215,0.44333333333333336
7,0.9,51,0.4666666666666667,0.4266666666666667,0.10666666666666667,0.5561399127905788,0.4666666666666667
7,0.9,52,0.4033333333333333,0.5133333333333333,0.08333333333333333,0.5444762424035747,0.5133333333333333
7,0.9,53,0.42,0.43333333333333335,0.14666666666666667,0.5449423605105089,0.43333333333333335
7,0.9,54,0.44,0.38333333333333336,0.17666666666666667,0.5300240990653804,0.44
7,0.9,55,0.47333333333333333,0.4,0.12666666666666668,0.5661789433793835,0.47333333333333333
7,0.9,56,0.38666666666666666,0.47333333333333333,0.14,0.5516895592069794,0.47333333333333333
7,0.9,57,0.43333333333333335,0.4266666666666667,0.14,0.5483008025575435,0.43333333333333335
7,0.9,58,0.3933333333333333,0.47333333333333333,0.13333333333333333,0.5236621275163804,0.47333333333333333
7,0.9,59,0.47333333333333333,0.42,0.10666666666666667,0.5621352806756896,0.47333333333333333
7,0.9,60,0.4066666666666667,0.4633333333333333,0.13,0.5398734992309489,0.4633333333333333
7,0.9,61,0.4166666666666667,0.4266666666666667,0.15666666666666668,0.5776947554929386,0.4266666666666667
7,0.9,62,0.37,0.45,0.18,0.5557634932736011,0.45
7,0.9,63,0.42333333333333334,0.44,0.13666666666666666,0.5170992200062405,0.44
7,0.9,64,0.37333333333333335,0.48333333333333334,0.14333333333333334,0.5601209326085907,0.48333333333333334
7,0.9,65,0.4533333333333333,0.4266666666666667,0.12,0.5197609777392458,0.4533333333333333
7,0.9,66,0.44,0.45,0.11,0.5544404929588493,0.45
7,0.9,67,0.4166666666666667,0.45,0.13333333333333333,0.5296808377852248,0.45
7,0.9,68,0.42333333333333334,0.44333333333333336,0.13333333333333333,0.5542730457762836,0.44333333333333336
7,0.9,69,0.5166666666666667,0.37,0.11333333333333333,0.5045078138682161,0.5166666666666667
7,0.9,70,0.35,0.54,0.11,0.5459784480255314,0.54
7,0.9,71,0.45666666666666667,0.43,0.11333333333333333,0.5424240910175434,0.45666666666666667
7,0.9,72,0.38,0.47,0.15,0.5585330600546131,0.47
7,0.9,73,0.37,0.5033333333333333,0.12666666666666668,0.5487424498386821,0.5033333333333333
7,0.9,74,0.45,0.45,0.1,0.5236143335265313,0.45
7,0.9,75,0.48333333333333334,0.4166666666666667,0.1,0.5668870584177953,0.48333333333333334
7,0.9,76,0.44666666666666666,0.43666666666666665,0.11666666666666667,0.553092608069152,0.44666666666666666
7,0.9,77,0.4066666666666667,0.49666666666666665,0.09666666666666666,0.505175565853374,0.49666666666666665
7,0.9,78,0.5,0.38,0.12,0.5241199160023345,0.5
7,0.9,79,0.37666666666666665,0.48,0.14333333333333334,0.5431620545845565,0.48
7,0.9,80,0.42333333333333334,0.4666666666666667,0.11,0.5589065709738291,0.4666666666666667
7,0.9,81,0.43,0.44,0.13,0.5136021633389554,0.44
7,0.9,82,0.42333333333333334,0.43666666666666665,0.14,0.5927933410443973,0.43666666666666665
7,0.9,83,0.4,0.47333333333333333,0.12666666666666668,0.578599932548424,0.47333333333333333
7,0.9,84,0.4166666666666667,0.4666666666666667,0.11666666666666667,0.5347017360389426,0.4666666666666667
7,0.9,85,0.46,0.4033333333333333,0.13666666666666666,0.5214566034901649,0.46
7,0.9,86,0.41333333333333333,0.4633333333333333,0.12333333333333334,0.5471487826431887,0.4633333333333333
7,0.9,87,0.47,0.36333333333333334,0.16666666666666666,0.5573513706228562,0.47
7,0.9,88,0.37666666666666665,0.5033333333333333,0.12,0.539652662459138,0.5033333333333333
7,0.9,89,0.44,0.42,0.14,0.5343714966291918,0.44
7,0.9,90,0.52,0.38333333333333336,0.09666666666666666,0.5642409089297953,0.52
7,0.9,91,0.41333333333333333,0.48,0.10666666666666667,0.5597493238951323,0.48
7,0.9,92,0.39,0.4866666666666667,0.12333333333333334,0.5425056345297525,0.4866666666666667
7,0.9,93,0.4533333333333333,0.4066666666666667,0.14,0.5662277944866939,0.4533333333333333
7,0.9,94,0.4266666666666667,0.4533333333333333,0.12,0.547374754209462,0.4533333333333333
7,0.9,95,0.4166666666666667,0.4533333333333333,0.13,0.5400606233124314,0.4533333333333333
7,0.9,96,0.46,0.4033333333333333,0.13666666666666666,0.5484782430176144,0.46
7,0.9,97,0.43,0.4533333333333333,0.11666666666666667,0.5839537553780279,0.4533333333333333
7,0.9,98,0.41,0.49,0.1,0.5497010658671334,0.49
7,0.9,99,0.45,0.41333333333333333,0.13666666666666666,0.5825867503382056,0.45
7,0.9,100,0.44333333333333336,0.45666666666666667,0.1,0.5092696174471174,0.45666666666666667
7,0.9,101,0.45,0.4033333333333333,0.14666666666666667,0.5601494128602719,0.45
7,0.9,102,0.4,0.51,0.09,0.5726978833145456,0.51
7,0.9,103,0.47333333333333333,0.37666666666666665,0.15,0.5504853366396973,0.47333333333333333
7,0.9,104,0.4033333333333333,0.48333333333333334,0.11333333333333333,0.5571705639250749,0.48333333333333334
7,0.9,105,0.4266666666666667,0.43666666666666665,0.13666666666666666,0.5567393280129,0.43666666666666665
7,0.9,106,0.41333333333333333,0.44333333333333336,0.14333333333333334,0.5334195670472441,0.44333333333333336
7,0.9,107,0.44333333333333336,0.45666666666666667,0.1,0.573915302754222,0.45666666666666667
7,0.9,108,0.4633333333333333,0.43,0.10666666666666667,0.5631661399064428,0.4633333333333333
7,0.9,109,0.43,0.47333333333333333,0.09666666666666666,0.5335496367207622,0.47333333333333333
7,0.9,110,0.38,0.49333333333333335,0.12666666666666668,0.519131318263858,0.49333333333333335
7,0.9,111,0.39,0.47333333333333333,0.13666666666666666,0.5594549826906334,0.47333333333333333
7,0.9,112,0.47,0.38,0.15,0.5856189612733852,0.47
7,0.9,113,0.43666666666666665,0.45666666666666667,0.10666666666666667,0.5160030224172101,0.45666666666666667
7,0.9,114,0.42333333333333334,0.44,0.13666666666666666,0.5806568928537031,0.44
7,0.9,115,0.3933333333333333,0.5233333333333333,0.08333333333333333,0.5557623080934933,0.5233333333333333
7,0.9,116,0.43333333333333335,0.4166666666666667,0.15,0.5934124422107764,0.43333333333333335
7,0.9,117,0.48,0.44333333333333336,0.07666666666666666,0.5663514545742423,0.48
7,0.9,118,0.38333333333333336,0.49666666666666665,0.12,0.5584814738991765,0.49666666666666665
7,0.9,119,0.44,0.4633333333333333,0.09666666666666666,0.5036551981091142,0.4633333333333333
7,0.9,120,0.4033333333333333,0.46,0.13666666666666666,0.5660678741945591,0.46
7,0.9,121,0.49,0.38,0.13,0.5178024401423634,0.49
7,0.9,122,0.43666666666666665,0.4533333333333333,0.11,0.5299676879627748,0.4533333333333333
7,0.9,123,0.43,0.45666666666666667,0.11333333333333333,0.549924679929894,0.45666666666666667
7,0.9,124,0.4033333333333333,0.47333333333333333,0.12333333333333334,0.5574658044270959,0.47333333333333333
7,0.9,125,0.45666666666666667,0.4166666666666667,0.12666666666666668,0.5111859020152544,0.45666666666666667
7,0.9,126,0.43,0.44333333333333336,0.12666666666666668,0.5866556788996933,0.44333333333333336
7,0.9,127,0.4866666666666667,0.39666666666666667,0.11666666666666667,0.5537926617752266,0.4866666666666667
7,0.9,128,0.41,0.46,0.13,0.5284970264078956,0.46
7,0.9,129,0.43,0.43,0.14,0.5439723872237991,0.43
7,0.9,130,0.4266666666666667,0.4633333333333333,0.11,0.5672136706484617,0.4633333333333333
7,0.9,131,0.4266666666666667,0.43666666666666665,0.13666666666666666,0.5584995597975025,0.43666666666666665
7,0.9,132,0.45,0.42333333333333334,0.12666666666666668,0.5753318240980381,0.45
7,0.9,133,0.41,0.42333333333333334,0.16666666666666666,0.5594549625192432,0.42333333333333334
7,0.9,134,0.5,0.4,0.1,0.550838721001669,0.5
7,0.9,135,0.44666666666666666,0.4766666666666667,0.07666666666666666,0.5789648545579078,0.4766666666666667
7,0.9,136,0.43666666666666665,0.46,0.10333333333333333,0.5514691122688044,0.46
7,0.9,137,0.43666666666666665,0.44666666666666666,0.11666666666666667,0.574325401796452,0.44666666666666666
7,0.9,138,0.4166666666666667,0.43666666666666665,0.14666666666666667,0.5475253684021402,0.43666666666666665
7,0.9,139,0.4266666666666667,0.44,0.13333333333333333,0.5614994714537273,0.44
7,0.9,140,0.44,0.43,0.13,0.5363258793556434,0.44
7,0.9,141,0.4533333333333333,0.44666666666666666,0.1,0.5517922622705116,0.4533333333333333
7,0.9,142,0.49333333333333335,0.3933333333333333,0.11333333333333333,0.5190994744740111,0.49333333333333335
7,0.9,143,0.4066666666666667,0.4766666666666667,0.11666666666666667,0.5301302530416505,0.4766666666666667
7,0.9,144,0.4266666666666667,0.45666666666666667,0.11666666666666667,0.5865075642655291,0.45666666666666667
7,0.9,145,0.43,0.43666666666666665,0.13333333333333333,0.5127003252320205,0.43666666666666665
7,0.9,146,0.37,0.5066666666666667,0.12333333333333334,0.5727949105973772,0.5066666666666667
7,0.9,147,0.4266666666666667,0.44333333333333336,0.13,0.5078278060338909,0.44333333333333336
7,0.9,148,0.4166666666666667,0.4766666666666667,0.10666666666666667,0.5411729446407492,0.4766666666666667
7,0.9,149,0.38333333333333336,0.5033333333333333,0.11333333333333333,0.5325246671015237,0.5033333333333333
7,0.9,150,0.41333333333333333,0.42333333333333334,0.16333333333333333,0.5667740366801272,0.42333333333333334
7,0.9,151,0.44,0.4033333333333333,0.15666666666666668,0.5555397870739957,0.44
7,0.9,152,0.44,0.4533333333333333,0.10666666666666667,0.5470085790061411,0.4533333333333333
7,0.9,153,0.44666666666666666,0.4533333333333333,0.1,0.5320990869688813,0.4533333333333333
7,0.9,154,0.41,0.47333333333333333,0.11666666666666667,0.5316383942376837,0.47333333333333333
7,0.9,155,0.47333333333333333,0.35333333333333333,0.17333333333333334,0.5462876320115148,0.47333333333333333
7,0.9,156,0.45,0.4266666666666667,0.12333333333333334,0.5560750331779324,0.45
7,0.9,157,0.43,0.4266666666666667,0.14333333333333334,0.5577638643055383,0.43
7,0.9,158,0.44666666666666666,0.44666666666666666,0.10666666666666667,0.581704663928371,0.44666666666666666
7,0.9,159,0.47,0.44,0.09,0.5657150556934054,0.47
7,0.9,160,0.48,0.4166666666666667,0.10333333333333333,0.5331268203866224,0.48
7,0.9,161,0.42,0.48333333333333334,0.09666666666666666,0.5381567524122162,0.48333333333333334
7,0.9,162,0.42333333333333334,0.45666666666666667,0.12,0.5697296216005037,0.45666666666666667
7,0.9,163,0.41,0.49,0.1,0.5658485017820677,0.49
7,0.9,164,0.4666666666666667,0.4066666666666667,0.12666666666666668,0.5162851856307391,0.4666666666666667
7,0.9,165,0.38,0.49,0.13,0.5104056008319728,0.49
7,0.9,166,0.43666666666666665,0.41333333333333333,0.15,0.5351479136657833,0.43666666666666665
7,0.9,167,0.41,0.48,0.11,0.5506913606735889,0.48
7,0.9,168,0.4266666666666667,0.44,0.13333333333333333,0.5115432675479316,0.44
7,0.9,169,0.37666666666666665,0.49666666666666665,0.12666666666666668,0.5603222900728343,0.49666666666666665
7,0.9,170,0.44333333333333336,0.45666666666666667,0.1,0.5675697717406298,0.45666666666666667
7,0.9,171,0.4066666666666667,0.46,0.13333333333333333,0.564256056914273,0.46
7,0.9,172,0.46,0.43,0.11,0.5823854715774959,0.46
7,0.9,173,0.42,0.47,0.11,0.5694193924580314,0.47
7,0.9,174,0.4,0.44333333333333336,0.15666666666666668,0.5358379907935048,0.44333333333333336
7,0.9,175,0.4266666666666667,0.47333333333333333,0.1,0.5092218339242162,0.47333333333333333
7,0.9,176,0.44333333333333336,0.44666666666666666,0.11,0.5747583945911849,0.44666666666666666
7,0.9,177,0.44333333333333336,0.42,0.13666666666666666,0.5554791685045689,0.44333333333333336
7,0.9,178,0.49666666666666665,0.42,0.08333333333333333,0.5630912447200199,0.49666666666666665
7,0.9,179,0.47333333333333333,0.39666666666666667,0.13,0.5791156883267955,0.47333333333333333
7,0.9,180,0.38666666666666666,0.4866666666666667,0.12666666666666668,0.5665426264353768,0.4866666666666667
7,0.9,181,0.43666666666666665,0.43333333333333335,0.13,0.5441126117628974,0.43666666666666665
7,0.9,182,0.43666666666666665,0.45666666666666667,0.10666666666666667,0.577221769638033,0.45666666666666667
7,0.9,183,0.4166666666666667,0.48,0.10333333333333333,0.5241681593462036,0.48
7,0.9,184,0.4533333333333333,0.44666666666666666,0.1,0.5223024924533196,0.4533333333333333
7,0.9,185,0.42333333333333334,0.4266666666666667,0.15,0.5897874421569621,0.4266666666666667
7,0.9,186,0.4,0.47333333333333333,0.12666666666666668,0.556636119747177,0.47333333333333333
7,0.9,187,0.41333333333333333,0.4666666666666667,0.12,0.5760669212683146,0.4666666666666667
7,0.9,188,0.4633333333333333,0.4266666666666667,0.11,0.5761432892490574,0.4633333333333333
7,0.9,189,0.42333333333333334,0.48,0.09666666666666666,0.5513827279475421,0.48
7,0.9,190,0.39,0.48333333333333334,0.12666666666666668,0.5925795971310653,0.48333333333333334
7,0.9,191,0.45,0.44666666666666666,0.10333333333333333,0.5493563898762949,0.45
7,0.9,192,0.43666666666666665,0.43666666666666665,0.12666666666666668,0.5353545437825712,0.43666666666666665
7,0.9,193,0.41,0.48,0.11,0.5664399430392627,0.48
7,0.9,194,0.43,0.45,0.12,0.5147533556221563,0.45
7,0.9,195,0.37,0.4866666666666667,0.14333333333333334,0.5773963647363997,0.4866666666666667
7,0.9,196,0.4033333333333333,0.46,0.13666666666666666,0.591611933651215,0.46
7,0.9,197,0.4,0.4633333333333333,0.13666666666666666,0.5685713859438238,0.4633333333333333
7,0.9,198,0.46,0.44333333333333336,0.09666666666666666,0.5123733554632501,0.46
7,0.9,199,0.42333333333333334,0.45,0.12666666666666668,0.562254115398444,0.45
7,0.9,200,0.47,0.39666666666666667,0.13333333333333333,0.5576343590433247,0.47
7,0.9,201,0.4066666666666667,0.4633333333333333,0.13,0.5276567742444773,0.4633333333333333
7,0.9,202,0.43333333333333335,0.45666666666666667,0.11,0.5369050203321534,0.45666666666666667
7,0.9,203,0.4633333333333333,0.4033333333333333,0.13333333333333333,0.5825342402352912,0.4633333333333333
7,0.9,204,0.48,0.4066666666666667,0.11333333333333333,0.5601335889813314,0.48
7,0.9,205,0.42,0.48333333333333334,0.09666666666666666,0.5599653151292283,0.48333333333333334
7,0.9,206,0.42333333333333334,0.47,0.10666666666666667,0.5452455144805293,0.47
7,0.9,207,0.43,0.44333333333333336,0.12666666666666668,0.5426919290594566,0.44333333333333336
7,0.9,208,0.38333333333333336,0.4866666666666667,0.13,0.5273304423153794,0.4866666666666667
7,0.9,209,0.4633333333333333,0.44,0.09666666666666666,0.5775497345568222,0.4633333333333333
7,0.9,210,0.43666666666666665,0.46,0.10333333333333333,0.5804287891754398,0.46
7,0.9,211,0.44333333333333336,0.39666666666666667,0.16,0.5604583974899054,0.44333333333333336
7,0.9,212,0.39666666666666667,0.49333333333333335,0.11,0.5372782345594609,0.49333333333333335
7,0.9,213,0.45666666666666667,0.44,0.10333333333333333,0.5523354384795612,0.45666666666666667
7,0.9,214,0.45,0.45,0.1,0.5195807095630115,0.45
7,0.9,215,0.4166666666666667,0.45,0.13333333333333333,0.5679101499158415,0.45
7,0.9,216,0.38666666666666666,0.47,0.14333333333333334,0.5298472026709883,0.47
7,0.9,217,0.4166666666666667,0.4533333333333333,0.13,0.5507503759729566,0.4533333333333333
7,0.9,218,0.41,0.45666666666666667,0.13333333333333333,0.5338949428047537,0.45666666666666667
7,0.9,219,0.4266666666666667,0.4,0.17333333333333334,0.5672842334630388,0.4266666666666667
7,0.9,220,0.44,0.44666666666666666,0.11333333333333333,0.5633356049115201,0.44666666666666666
7,0.9,221,0.46,0.39,0.15,0.5155653616315109,0.46
7,0.9,222,0.41,0.49666666666666665,0.09333333333333334,0.5697615658964381,0.49666666666666665
7,0.9,223,0.45,0.43,0.12,0.5797873236853669,0.45
7,0.9,224,0.48,0.4266666666666667,0.09333333333333334,0.5257794088493181,0.48
7,0.9,225,0.37333333333333335,0.48,0.14666666666666667,0.5087167232093217,0.48
7,0.9,226,0.44333333333333336,0.4633333333333333,0.09333333333333334,0.5733506018823316,0.4633333333333333
7,0.9,227,0.39666666666666667,0.4633333333333333,0.14,0.5494211166601098,0.4633333333333333
7,0.9,228,0.42333333333333334,0.43666666666666665,0.14,0.5529312050354706,0.43666666666666665
7,0.9,229,0.38666666666666666,0.49333333333333335,0.12,0.549117970902001,0.49333333333333335
7,0.9,230,0.4633333333333333,0.4066666666666667,0.13,0.5110661822372543,0.4633333333333333
7,0.9,231,0.4266666666666667,0.45,0.12333333333333334,0.5114237646403478,0.45
7,0.9,232,0.37666666666666665,0.44333333333333336,0.18,0.5647796986528945,0.44333333333333336
7,0.9,233,0.42,0.4666666666666667,0.11333333333333333,0.5626760228672291,0.4666666666666667
7,0.9,234,0.42333333333333334,0.4633333333333333,0.11333333333333333,0.5530265467841785,0.4633333333333333
7,0.9,235,0.38666666666666666,0.5,0.11333333333333333,0.5065929887193297,0.5
7,0.9,236,0.4266666666666667,0.44333333333333336,0.13,0.5215849790619145,0.44333333333333336
7,0.9,237,0.43666666666666665,0.44,0.12333333333333334,0.5416084187102218,0.44
7,0.9,238,0.4666666666666667,0.38333333333333336,0.15,0.5267007403677142,0.4666666666666667
7,0.9,239,0.44,0.4666666666666667,0.09333333333333334,0.5588026110697952,0.4666666666666667
7,0.9,240,0.38333333333333336,0.5066666666666667,0.11,0.5130088213636743,0.5066666666666667
7,0.9,241,0.42,0.42333333333333334,0.15666666666666668,0.5741391852655837,0.42333333333333334
7,0.9,242,0.37,0.48333333333333334,0.14666666666666667,0.5415806894914305,0.48333333333333334
7,0.9,243,0.4666666666666667,0.42333333333333334,0.11,0.5673295021329848,0.4666666666666667
7,0.9,244,0.4,0.4866666666666667,0.11333333333333333,0.5713825520193122,0.4866666666666667
7,0.9,245,0.4033333333333333,0.41,0.18666666666666668,0.5075663947438864,0.41
7,0.9,246,0.3933333333333333,0.4766666666666667,0.13,0.5379669665592715,0.4766666666666667
7,0.9,247,0.48333333333333334,0.39,0.12666666666666668,0.582780893160438,0.48333333333333334
7,0.9,248,0.43666666666666665,0.4633333333333333,0.1,0.5195411517096755,0.4633333333333333
7,0.9,249,0.44666666666666666,0.45,0.10333333333333333,0.5238604830682885,0.45
7,0.9,250,0.44,0.45,0.11,0.5423055131200754,0.45
7,0.9,251,0.4166666666666667,0.47,0.11333333333333333,0.5738286736865538,0.47
7,0.9,252,0.39,0.48,0.13,0.5442627550876604,0.48
7,0.9,253,0.4,0.4766666666666667,0.12333333333333334,0.5790237586263748,0.4766666666666667
7,0.9,254,0.46,0.4,0.14,0.5245787294790951,0.46
7,0.9,255,0.45,0.45666666666666667,0.09333333333333334,0.5728149532807265,0.45666666666666667
7,0.9,256,0.46,0.45666666666666667,0.08333333333333333,0.5327530880047752,0.46
7,0.9,257,0.4,0.48333333333333334,0.11666666666666667,0.5511554335985945,0.48333333333333334
7,0.9,258,0.46,0.42,0.12,0.5332230748865399,0.46
7,0.9,259,0.3933333333333333,0.49333333333333335,0.11333333333333333,0.5406823086574356,0.49333333333333335
7,0.9,260,0.49,0.3566666666666667,0.15333333333333332,0.5786600121529344,0.49
7,0.9,261,0.44666666666666666,0.45666666666666667,0.09666666666666666,0.5216954502020253,0.45666666666666667
7,0.9,262,0.42,0.47,0.11,0.5139190745332136,0.47
7,0.9,263,0.4066666666666667,0.45666666666666667,0.13666666666666666,0.5326525050301387,0.45666666666666667
7,0.9,264,0.45,0.4,0.15,0.5493543936058783,0.45
7,0.9,265,0.4866666666666667,0.42,0.09333333333333334,0.5885224314718956,0.4866666666666667
7,0.9,266,0.4666666666666667,0.42333333333333334,0.11,0.5426291431463788,0.4666666666666667
7,0.9,267,0.39666666666666667,0.51,0.09333333333333334,0.5760015564173157,0.51
7,0.9,268,0.3933333333333333,0.49,0.11666666666666667,0.5716203300325274,0.49
7,0.9,269,0.4166666666666667,0.43,0.15333333333333332,0.53428269256335,0.43
7,0.9,270,0.4533333333333333,0.4,0.14666666666666667,0.532073168463145,0.4533333333333333
7,0.9,271,0.38333333333333336,0.5133333333333333,0.10333333333333333,0.5303191643927085,0.5133333333333333
7,0.9,272,0.45,0.3933333333333333,0.15666666666666668,0.555698751702479,0.45
7,0.9,273,0.4033333333333333,0.46,0.13666666666666666,0.5377456459274955,0.46
7,0.9,274,0.46,0.42333333333333334,0.11666666666666667,0.53082292380729,0.46
7,0.9,275,0.42333333333333334,0.4666666666666667,0.11,0.5320093757622631,0.4666666666666667
7,0.9,276,0.43333333333333335,0.4533333333333333,0.11333333333333333,0.5585554339879434,0.4533333333333333
7,0.9,277,0.37333333333333335,0.48333333333333334,0.14333333333333334,0.5764043421468157,0.48333333333333334
7,0.9,278,0.43,0.44,0.13,0.5702881993691248,0.44
7,0.9,279,0.37333333333333335,0.49,0.13666666666666666,0.5413255710937985,0.49
7,0.9,280,0.44333333333333336,0.42333333333333334,0.13333333333333333,0.5543979228145169,0.44333333333333336
7,0.9,281,0.44666666666666666,0.45,0.10333333333333333,0.5041515887803022,0.45
7,0.9,282,0.43666666666666665,0.42333333333333334,0.14,0.5188287806678046,0.43666666666666665
7,0.9,283,0.45666666666666667,0.4066666666666667,0.13666666666666666,0.5619620211291687,0.45666666666666667
7,0.9,284,0.39666666666666667,0.48333333333333334,0.12,0.5632439572370527,0.48333333333333334
7,0.9,285,0.4066666666666667,0.47,0.12333333333333334,0.5425860587040461,0.47
7,0.9,286,0.36333333333333334,0.5066666666666667,0.13,0.5373076960014728,0.5066666666666667
7,0.9,287,0.37,0.47333333333333333,0.15666666666666668,0.5569291338520244,0.47333333333333333
7,0.9,288,0.43333333333333335,0.44333333333333336,0.12333333333333334,0.5360615137979662,0.44333333333333336
7,0.9,289,0.4266666666666667,0.4633333333333333,0.11,0.5617415611031924,0.4633333333333333
7,0.9,290,0.4166666666666667,0.48333333333333334,0.1,0.5765583181634227,0.48333333333333334
7,0.9,291,0.44,0.42333333333333334,0.13666666666666666,0.5815541767369348,0.44
7,0.9,292,0.45,0.44333333333333336,0.10666666666666667,0.5348967247567671,0.45
7,0.9,293,0.42333333333333334,0.45666666666666667,0.12,0.5623062734652052,0.45666666666666667
7,0.9,294,0.42333333333333334,0.4666666666666667,0.11,0.5557832407446278,0.4666666666666667
7,0.9,295,0.42333333333333334,0.4766666666666667,0.1,0.5299949051073327,0.4766666666666667
7,0.9,296,0.43666666666666665,0.44333333333333336,0.12,0.5687164101839564,0.44333333333333336
7,0.9,297,0.4633333333333333,0.45666666666666667,0.08,0.5451885025577535,0.4633333333333333
7,0.9,298,0.43,0.44333333333333336,0.12666666666666668,0.55565775214311,0.44333333333333336
7,0.9,299,0.42333333333333334,0.45,0.12666666666666668,0.5298855397752191,0.45
7,0.9,300,0.42333333333333334,0.47,0.10666666666666667,0.5476818384746404,0.47
7,0.9,301,0.4766666666666667,0.4166666666666667,0.10666666666666667,0.55438647963402,0.4766666666666667
7,0.9,302,0.3933333333333333,0.5,0.10666666666666667,0.5600873830671144,0.5
7,0.9,303,0.41,0.44666666666666666,0.14333333333333334,0.544561273739177,0.44666666666666666
7,0.9,304,0.41,0.49666666666666665,0.09333333333333334,0.5830977274515762,0.49666666666666665
7,0.9,305,0.46,0.43333333333333335,0.10666666666666667,0.5621672505441911,0.46
7,0.9,306,0.5066666666666667,0.4066666666666667,0.08666666666666667,0.5524363354955052,0.5066666666666667
7,0.9,307,0.41333333333333333,0.45666666666666667,0.13,0.5725834460988786,0.45666666666666667
7,0.9,308,0.37666666666666665,0.5066666666666667,0.11666666666666667,0.5497861292725348,0.5066666666666667
7,0.9,309,0.43333333333333335,0.4533333333333333,0.11333333333333333,0.5844979457357683,0.4533333333333333
7,0.9,310,0.44333333333333336,0.4166666666666667,0.14,0.516746197240368,0.44333333333333336
7,0.9,311,0.3933333333333333,0.47,0.13666666666666666,0.5112131935550623,0.47
7,0.9,312,0.41333333333333333,0.46,0.12666666666666668,0.5556640473334105,0.46
7,0.9,313,0.42333333333333334,0.43333333333333335,0.14333333333333334,0.5834192123011845,0.43333333333333335
7,0.9,314,0.4266666666666667,0.4533333333333333,0.12,0.5612866674733847,0.4533333333333333
7,0.9,315,0.42,0.46,0.12,0.5393411658310805,0.46
7,0.9,316,0.5166666666666667,0.4033333333333333,0.08,0.560668044291044,0.5166666666666667
7,0.9,317,0.4266666666666667,0.47,0.10333333333333333,0.5622718214500598,0.47
7,0.9,318,0.43666666666666665,0.45,0.11333333333333333,0.5159797568151979,0.45
7,0.9,319,0.41333333333333333,0.48333333333333334,0.10333333333333333,0.5601543369772365,0.48333333333333334
7,0.9,320,0.38666666666666666,0.49333333333333335,0.12,0.5432847747677334,0.49333333333333335
7,0.9,321,0.45,0.42,0.13,0.5647191381378441,0.45
7,0.9,322,0.4066666666666667,0.47333333333333333,0.12,0.5700092542223821,0.47333333333333333
7,0.9,323,0.44666666666666666,0.45666666666666667,0.09666666666666666,0.5716131817028126,0.45666666666666667
7,0.9,324,0.44,0.4766666666666667,0.08333333333333333,0.5583131398763194,0.4766666666666667
7,0.9,325,0.43666666666666665,0.44,0.12333333333333334,0.5283275051130889,0.44
7,0.9,326,0.47333333333333333,0.3933333333333333,0.13333333333333333,0.5260004621101558,0.47333333333333333
7,0.9,327,0.49,0.38666666666666666,0.12333333333333334,0.5567583212093918,0.49
7,0.9,328,0.39,0.49333333333333335,0.11666666666666667,0.5450179259199803,0.49333333333333335
7,0.9,329,0.4066666666666667,0.44,0.15333333333333332,0.5273179727194425,0.44
7,0.9,330,0.38666666666666666,0.5,0.11333333333333333,0.5813446233533575,0.5
7,0.9,331,0.4633333333333333,0.42333333333333334,0.11333333333333333,0.5355563336297015,0.4633333333333333
7,0.9,332,0.39,0.47333333333333333,0.13666666666666666,0.572200258603172,0.47333333333333333
7,0.9,333,0.42,0.4533333333333333,0.12666666666666668,0.5482418314031994,0.4533333333333333
7,0.9,334,0.42333333333333334,0.46,0.11666666666666667,0.5643839057231435,0.46
7,0.9,335,0.39666666666666667,0.4533333333333333,0.15,0.5318599693174924,0.4533333333333333
7,0.9,336,0.46,0.43333333333333335,0.10666666666666667,0.5529024062900502,0.46
7,0.9,337,0.4266666666666667,0.46,0.11333333333333333,0.591163812211682,0.46
7,0.9,338,0.38333333333333336,0.5033333333333333,0.11333333333333333,0.5355290304330952,0.5033333333333333
7,0.9,339,0.4266666666666667,0.4533333333333333,0.12,0.5242617901571892,0.4533333333333333
7,0.9,340,0.49,0.4,0.11,0.5377623816441536,0.49
7,0.9,341,0.4,0.4666666666666667,0.13333333333333333,0.5720968042386648,0.4666666666666667
7,0.9,342,0.49666666666666665,0.42,0.08333333333333333,0.5565771265737216,0.49666666666666665
7,0.9,343,0.44333333333333336,0.4266666666666667,0.13,0.5815807608633201,0.44333333333333336
7,0.9,344,0.45666666666666667,0.4266666666666667,0.11666666666666667,0.5675069021344594,0.45666666666666667
7,0.9,345,0.45,0.4666666666666667,0.08333333333333333,0.5330890698896866,0.4666666666666667
7,0.9,346,0.4766666666666667,0.37666666666666665,0.14666666666666667,0.5787012931706783,0.4766666666666667
7,0.9,347,0.4,0.5166666666666667,0.08333333333333333,0.547661934774546,0.5166666666666667
7,0.9,348,0.43666666666666665,0.46,0.10333333333333333,0.5738618047425249,0.46
7,0.9,349,0.43,0.4633333333333333,0.10666666666666667,0.5491795651475089,0.4633333333333333
7,0.9,350,0.47333333333333333,0.4,0.12666666666666668,0.5657916158141288,0.47333333333333333
7,0.9,351,0.44666666666666666,0.4533333333333333,0.1,0.5716705534304252,0.4533333333333333
7,0.9,352,0.43666666666666665,0.44333333333333336,0.12,0.5354623880670689,0.44333333333333336
7,0.9,353,0.44333333333333336,0.4266666666666667,0.13,0.5665498887749468,0.44333333333333336
7,0.9,354,0.33666666666666667,0.5366666666666666,0.12666666666666668,0.5056011237906328,0.5366666666666666
7,0.9,355,0.4866666666666667,0.42,0.09333333333333334,0.563295597490785,0.4866666666666667
7,0.9,356,0.4033333333333333,0.47,0.12666666666666668,0.5973946728610695,0.47
7,0.9,357,0.4066666666666667,0.4666666666666667,0.12666666666666668,0.5619346532540735,0.4666666666666667
7,0.9,358,0.43666666666666665,0.4633333333333333,0.1,0.5860264059820977,0.4633333333333333
7,0.9,359,0.38666666666666666,0.5033333333333333,0.11,0.5379031568191941,0.5033333333333333
7,0.9,360,0.42,0.47333333333333333,0.10666666666666667,0.5401430459429599,0.47333333333333333
7,0.9,361,0.39,0.47,0.14,0.559949208245252,0.47
7,0.9,362,0.43666666666666665,0.43333333333333335,0.13,0.5412784041937613,0.43666666666666665
7,0.9,363,0.4533333333333333,0.43,0.11666666666666667,0.5246643289476032,0.4533333333333333
7,0.9,364,0.44666666666666666,0.41333333333333333,0.14,0.5466219877763683,0.44666666666666666
7,0.9,365,0.45,0.44333333333333336,0.10666666666666667,0.5354734530016387,0.45
7,0.9,366,0.39,0.4633333333333333,0.14666666666666667,0.5371234975059883,0.4633333333333333
7,0.9,367,0.43666666666666665,0.4766666666666667,0.08666666666666667,0.5156869639447879,0.4766666666666667
7,0.9,368,0.41,0.46,0.13,0.5547990458908709,0.46
7,0.9,369,0.47,0.39666666666666667,0.13333333333333333,0.5727766824187697,0.47
7,0.9,370,0.4033333333333333,0.41333333333333333,0.18333333333333332,0.5667977755259573,0.41333333333333333
7,0.9,371,0.41333333333333333,0.52,0.06666666666666667,0.5797330123991433,0.52
7,0.9,372,0.43,0.48,0.09,0.5435513798041144,0.48
7,0.9,373,0.43,0.45666666666666667,0.11333333333333333,0.5218673996419311,0.45666666666666667
7,0.9,374,0.5,0.4066666666666667,0.09333333333333334,0.5195076559033894,0.5
7,0.9,375,0.43,0.43666666666666665,0.13333333333333333,0.5764640450640982,0.43666666666666665
7,0.9,376,0.3933333333333333,0.4666666666666667,0.14,0.5204904198467877,0.4666666666666667
7,0.9,377,0.47333333333333333,0.43,0.09666666666666666,0.5906242306457232,0.47333333333333333
7,0.9,378,0.4066666666666667,0.4633333333333333,0.13,0.5345888871254286,0.4633333333333333
7,0.9,379,0.41,0.47333333333333333,0.11666666666666667,0.5173542998523903,0.47333333333333333
7,0.9,380,0.44,0.45,0.11,0.5255224803518472,0.45
7,0.9,381,0.4766666666666667,0.37666666666666665,0.14666666666666667,0.5540730342096305,0.4766666666666667
7,0.9,382,0.38666666666666666,0.48,0.13333333333333333,0.5906912559885653,0.48
7,0.9,383,0.41,0.47333333333333333,0.11666666666666667,0.5865664573644135,0.47333333333333333
7,0.9,384,0.43,0.44333333333333336,0.12666666666666668,0.5390650726360239,0.44333333333333336
7,0.9,385,0.48,0.41333333333333333,0.10666666666666667,0.5087253398786601,0.48
7,0.9,386,0.43,0.44,0.13,0.529189844913339,0.44
7,0.9,387,0.47333333333333333,0.4266666666666667,0.1,0.5604305681838155,0.47333333333333333
7,0.9,388,0.44333333333333336,0.4533333333333333,0.10333333333333333,0.5504479196248137,0.4533333333333333
7,0.9,389,0.37333333333333335,0.5,0.12666666666666668,0.5810717270116309,0.5
7,0.9,390,0.48333333333333334,0.4066666666666667,0.11,0.5437074664716842,0.48333333333333334
7,0.9,391,0.4766666666666667,0.39666666666666667,0.12666666666666668,0.5349039424866305,0.4766666666666667
7,0.9,392,0.4,0.47333333333333333,0.12666666666666668,0.5341976535935979,0.47333333333333333
7,0.9,393,0.43,0.43666666666666665,0.13333333333333333,0.5712232519183748,0.43666666666666665
7,0.9,394,0.37666666666666665,0.4766666666666667,0.14666666666666667,0.5687961944400863,0.4766666666666667
7,0.9,395,0.4666666666666667,0.4266666666666667,0.10666666666666667,0.5418730052474863,0.4666666666666667
7,0.9,396,0.48,0.43333333333333335,0.08666666666666667,0.5507307983388766,0.48
7,0.9,397,0.43,0.47333333333333333,0.09666666666666666,0.5192506966309344,0.47333333333333333
7,0.9,398,0.5033333333333333,0.39,0.10666666666666667,0.5826519966491233,0.5033333333333333
7,0.9,399,0.38666666666666666,0.4766666666666667,0.13666666666666666,0.5435815092539499,0.4766666666666667
7,0.9,400,0.43333333333333335,0.44,0.12666666666666668,0.5401705741250673,0.44
7,0.9,401,0.44666666666666666,0.43333333333333335,0.12,0.5716689967984071,0.44666666666666666
7,0.9,402,0.43666666666666665,0.44666666666666666,0.11666666666666667,0.5045966242310701,0.44666666666666666
7,0.9,403,0.4166666666666667,0.45,0.13333333333333333,0.5553003365451502,0.45
7,0.9,404,0.4033333333333333,0.46,0.13666666666666666,0.5355317814714621,0.46
7,0.9,405,0.42333333333333334,0.43666666666666665,0.14,0.5666883750706182,0.43666666666666665
7,0.9,406,0.44666666666666666,0.43333333333333335,0.12,0.565375009094014,0.44666666666666666
7,0.9,407,0.4,0.48,0.12,0.5820084664494849,0.48
7,0.9,408,0.4033333333333333,0.4766666666666667,0.12,0.5156050905340325,0.4766666666666667
7,0.9,409,0.4166666666666667,0.4633333333333333,0.12,0.5770045210422037,0.4633333333333333
7,0.9,410,0.45666666666666667,0.43,0.11333333333333333,0.5519736554762382,0.45666666666666667
7,0.9,411,0.44,0.45666666666666667,0.10333333333333333,0.5542144895081155,0.45666666666666667
7,0.9,412,0.44333333333333336,0.43,0.12666666666666668,0.5509750379662396,0.44333333333333336
7,0.9,413,0.4033333333333333,0.4866666666666667,0.11,0.5462244737115994,0.4866666666666667
7,0.9,414,0.43333333333333335,0.45666666666666667,0.11,0.567109920084563,0.45666666666666667
7,0.9,415,0.45666666666666667,0.43666666666666665,0.10666666666666667,0.5240327822731345,0.45666666666666667
7,0.9,416,0.43,0.45,0.12,0.5339063837606456,0.45
7,0.9,417,0.4166666666666667,0.48333333333333334,0.1,0.5473074772825623,0.48333333333333334
7,0.9,418,0.5066666666666667,0.39666666666666667,0.09666666666666666,0.5169879861253172,0.5066666666666667
7,0.9,419,0.42333333333333334,0.45666666666666667,0.12,0.5512816440094529,0.45666666666666667
7,0.9,420,0.4266666666666667,0.43333333333333335,0.14,0.5571015158840315,0.43333333333333335
7,0.9,421,0.42,0.45666666666666667,0.12333333333333334,0.5804687235216694,0.45666666666666667
7,0.9,422,0.3933333333333333,0.4666666666666667,0.14,0.5544195317750784,0.4666666666666667
7,0.9,423,0.41333333333333333,0.46,0.12666666666666668,0.5325541270982078,0.46
7,0.9,424,0.41333333333333333,0.46,0.12666666666666668,0.5433224714234438,0.46
7,0.9,425,0.43666666666666665,0.44,0.12333333333333334,0.5312514074127266,0.44
7,0.9,426,0.4633333333333333,0.38,0.15666666666666668,0.5573905173122069,0.4633333333333333
7,0.9,427,0.43333333333333335,0.4766666666666667,0.09,0.5307864612211652,0.4766666666666667
7,0.9,428,0.4166666666666667,0.4633333333333333,0.12,0.5680692128410916,0.4633333333333333
7,0.9,429,0.43,0.4166666666666667,0.15333333333333332,0.5442575605602146,0.43
7,0.9,430,0.44,0.45666666666666667,0.10333333333333333,0.5829100719183082,0.45666666666666667
7,0.9,431,0.4166666666666667,0.44666666666666666,0.13666666666666666,0.561770453584101,0.44666666666666666
7,0.9,432,0.45666666666666667,0.43333333333333335,0.11,0.5225475541397077,0.45666666666666667
7,0.9,433,0.3466666666666667,0.5466666666666666,0.10666666666666667,0.5683920878513689,0.5466666666666666
7,0.9,434,0.44666666666666666,0.43666666666666665,0.11666666666666667,0.5435102649334767,0.44666666666666666
7,0.9,435,0.37,0.4766666666666667,0.15333333333333332,0.5947276404319194,0.4766666666666667
7,0.9,436,0.47333333333333333,0.4266666666666667,0.1,0.5211381189441862,0.47333333333333333
7,0.9,437,0.39,0.4633333333333333,0.14666666666666667,0.5575082586830055,0.4633333333333333
7,0.9,438,0.42333333333333334,0.45666666666666667,0.12,0.5711925064063632,0.45666666666666667
7,0.9,439,0.37,0.52,0.11,0.5639951364973771,0.52
7,0.9,440,0.48333333333333334,0.39,0.12666666666666668,0.5166804884578213,0.48333333333333334
7,0.9,441,0.4033333333333333,0.48,0.11666666666666667,0.5653461774428039,0.48
7,0.9,442,0.42333333333333334,0.4266666666666667,0.15,0.5383508644404615,0.4266666666666667
7,0.9,443,0.39,0.49333333333333335,0.11666666666666667,0.5657317024295889,0.49333333333333335
7,0.9,444,0.4866666666666667,0.39,0.12333333333333334,0.5507183235376393,0.4866666666666667
7,0.9,445,0.42333333333333334,0.44333333333333336,0.13333333333333333,0.5424789668790864,0.44333333333333336
7,0.9,446,0.4166666666666667,0.4766666666666667,0.10666666666666667,0.5436658219608593,0.4766666666666667
7,0.9,447,0.44333333333333336,0.4533333333333333,0.10333333333333333,0.5428504344624114,0.4533333333333333
7,0.9,448,0.4266666666666667,0.4266666666666667,0.14666666666666667,0.5499810236477739,0.4266666666666667
7,0.9,449,0.44,0.43,0.13,0.5084160185951708,0.44
7,0.9,450,0.41333333333333333,0.4766666666666667,0.11,0.5127097161542868,0.4766666666666667
7,0.9,451,0.4166666666666667,0.48,0.10333333333333333,0.5519504873452556,0.48
7,0.9,452,0.44666666666666666,0.4166666666666667,0.13666666666666666,0.5406869323947388,0.44666666666666666
7,0.9,453,0.39666666666666667,0.5066666666666667,0.09666666666666666,0.546105399925859,0.5066666666666667
7,0.9,454,0.44,0.41,0.15,0.513281676694532,0.44
7,0.9,455,0.4766666666666667,0.43,0.09333333333333334,0.5835128334963533,0.4766666666666667
7,0.9,456,0.44333333333333336,0.4633333333333333,0.09333333333333334,0.5527129615513041,0.4633333333333333
7,0.9,457,0.38666666666666666,0.48,0.13333333333333333,0.5485280854308964,0.48
7,0.9,458,0.44,0.42333333333333334,0.13666666666666666,0.5251308517769712,0.44
7,0.9,459,0.39666666666666667,0.4666666666666667,0.13666666666666666,0.5222716524906681,0.4666666666666667
7,0.9,460,0.47,0.42333333333333334,0.10666666666666667,0.568572976056692,0.47
7,0.9,461,0.42,0.4766666666666667,0.10333333333333333,0.5860056653493546,0.4766666666666667
7,0.9,462,0.38333333333333336,0.5,0.11666666666666667,0.5504856238493789,0.5
7,0.9,463,0.44666666666666666,0.46,0.09333333333333334,0.5449133138631758,0.46
7,0.9,464,0.3566666666666667,0.5133333333333333,0.13,0.5600189056733433,0.5133333333333333
7,0.9,465,0.4633333333333333,0.41,0.12666666666666668,0.5516073330437333,0.4633333333333333
7,0.9,466,0.38666666666666666,0.5033333333333333,0.11,0.5461973688522469,0.5033333333333333
7,0.9,467,0.48,0.37666666666666665,0.14333333333333334,0.5265824980279042,0.48
7,0.9,468,0.4,0.44333333333333336,0.15666666666666668,0.5283238998125822,0.44333333333333336
7,0.9,469,0.4633333333333333,0.41333333333333333,0.12333333333333334,0.5358441218883216,0.4633333333333333
7,0.9,470,0.4,0.47,0.13,0.5301778137545241,0.47
7,0.9,471,0.44666666666666666,0.42,0.13333333333333333,0.5922376618684227,0.44666666666666666
7,0.9,472,0.46,0.4266666666666667,0.11333333333333333,0.5454877348217463,0.46
7,0.9,473,0.4,0.5266666666666666,0.07333333333333333,0.5258626660113549,0.5266666666666666
7,0.9,474,0.46,0.4266666666666667,0.11333333333333333,0.5519097415765208,0.46
7,0.9,475,0.4,0.4533333333333333,0.14666666666666667,0.547872105105446,0.4533333333333333
7,0.9,476,0.46,0.39,0.15,0.5247239793926174,0.46
7,0.9,477,0.38666666666666666,0.48,0.13333333333333333,0.553102527368708,0.48
7,0.9,478,0.43333333333333335,0.44666666666666666,0.12,0.5329031244045084,0.44666666666666666
7,0.9,479,0.45666666666666667,0.41,0.13333333333333333,0.5589352037854115,0.45666666666666667
7,0.9,480,0.47,0.4033333333333333,0.12666666666666668,0.5226700421396537,0.47
7,0.9,481,0.43,0.44666666666666666,0.12333333333333334,0.5420458434752947,0.44666666666666666
7,0.9,482,0.4033333333333333,0.5,0.09666666666666666,0.5576843177727964,0.5
7,0.9,483,0.4,0.44333333333333336,0.15666666666666668,0.5403632846221137,0.44333333333333336
7,0.9,484,0.42,0.44,0.14,0.5289349994791123,0.44
7,0.9,485,0.45666666666666667,0.44,0.10333333333333333,0.5708749413310813,0.45666666666666667
7,0.9,486,0.4633333333333333,0.43,0.10666666666666667,0.5189283471343251,0.4633333333333333
7,0.9,487,0.42333333333333334,0.4533333333333333,0.12333333333333334,0.560633215526056,0.4533333333333333
7,0.9,488,0.4166666666666667,0.49666666666666665,0.08666666666666667,0.5389939624860276,0.49666666666666665
7,0.9,489,0.5133333333333333,0.38666666666666666,0.1,0.5246318174921667,0.5133333333333333
7,0.9,490,0.44,0.43,0.13,0.5199047198817335,0.44
7,0.9,491,0.45,0.4266666666666667,0.12333333333333334,0.5652158488779532,0.45
7,0.9,492,0.41,0.4666666666666667,0.12333333333333334,0.5509909790018083,0.4666666666666667
7,0.9,493,0.44,0.48,0.08,0.548520538643452,0.48
7,0.9,494,0.4666666666666667,0.4266666666666667,0.10666666666666667,0.5293200242293382,0.4666666666666667
7,0.9,495,0.4033333333333333,0.45666666666666667,0.14,0.5439985940536037,0.45666666666666667
7,0.9,496,0.46,0.42,0.12,0.5767855536902902,0.46
7,0.9,497,0.4066666666666667,0.47,0.12333333333333334,0.555454661315994,0.47
7,0.9,498,0.44333333333333336,0.43,0.12666666666666668,0.5776779883386993,0.44333333333333336
7,0.9,499,0.43333333333333335,0.4633333333333333,0.10333333333333333,0.5719465263787551,0.4633333333333333
